province;red;green;blue;x;x
1;184;110;86;Bricy;x
2;242;21;194;Noyereuilerel;x
3;240;86;104;Ramous;x
4;54;125;22;Cerdoulmiel;x
5;128;223;73;Damareau;x
6;127;83;92;Merin;x
7;92;162;179;Tivervoy;x
8;125;52;46;Chate;x
9;101;108;193;Chatererdon;x
10;180;32;164;Cortrtenay;x
11;137;196;126;Seichouile;x
12;230;224;209;Bardongyleslo;x
13;174;117;156;Neuvieilely;x
14;65;31;3;Clery;x
15;123;158;153;Migne;x
16;100;200;86;Pithives;x
17;12;155;229;Bardozierevil;x
18;88;244;44;Sompusulala;x
19;251;39;56;Nioltsainen;x
20;232;174;146;Kelikerava;x
21;33;192;173;Rovanuorga;x
22;221;51;242;Hirmuonala;x
23;224;210;42;Kehralankyk;x
24;228;147;199;Valgalainen;x
25;201;227;40;Ahtarerava;x
26;156;183;244;Nokia;x
27;48;117;157;Kasnaraus;x
28;203;111;166;Laitisakul;x
29;201;141;74;Kauninekosk;x
30;185;24;65;Musalu;x
31;105;170;229;Numataantal;x
32;143;21;27;Hamenki;x
33;232;244;251;Laurijarvi;x
34;58;186;241;Emasaanpalo;x
35;223;101;176;Bjorki;x
36;228;145;213;Lituri;x
37;149;8;159;Rapiniornio;x
38;172;50;154;Ahtarmulat;x
39;100;69;26;Klaukabole;x
40;113;107;195;Newentefra;x
41;134;44;87;Skipsmouth;x
42;218;200;83;Knareham;x
43;195;109;215;Thaxtongton;x
44;100;168;32;Maldord;x
45;78;71;139;Hinckinver;x
46;17;176;53;Pontermout;x
47;150;221;128;Winchester;x
48;170;237;142;Leighwel;x
49;61;65;7;Wiganea;x
50;253;67;126;Kilkham;x
51;54;15;247;Stapldclif;x
52;56;165;199;Newbughip;x
53;158;81;136;Hitcherlei;x
54;62;78;164;Mouseldon;x
55;124;234;235;Tregoreham;x
56;186;113;229;Hertford;x
57;135;89;114;Domineravas;x
58;231;44;84;Aldearrijos;x
59;116;10;244;Ledancia;x
60;11;136;232;Saltamaldon;x
61;213;157;71;Oakhamburg;x
62;216;223;199;Wigmonglet;x
63;29;241;129;Thaxth;x
64;16;252;4;Kilkhiney;x
65;13;119;39;Chisburgh;x
66;203;156;82;Amersouthwn;x
67;10;138;12;Newbiverto;x
68;161;205;65;Burtortsmon;x
69;216;34;240;Boscanterb;x
70;14;56;100;Manethenley;x
71;205;94;73;Chawleching;x
72;240;26;197;Henlewent;x
73;254;252;209;Ardonces;x
74;159;156;120;Huisuly;x
75;16;107;250;Amillescren;x
76;151;88;2;Moulourtem;x
77;11;38;157;Taveravant;x
78;173;88;156;Lorcy;x
79;139;244;119;Clery;x
80;18;183;83;Bazochoux;x
81;19;239;205;Vieiliardon;x
82;205;46;208;Combrevileung;x
83;202;47;54;Mormar;x
84;9;94;115;Ervau;x
85;47;197;99;Suladon;x
86;115;120;191;Miraboynes;x
87;66;155;31;Chevaingy;x
88;49;139;182;Vilesigny;x
89;30;16;201;Thouilly;x
90;20;14;176;Favery;x
91;26;111;238;Trinais;x
92;19;38;140;Moulilly;x
93;74;208;151;Orleartena;x
94;172;242;197;Jargeaulay;x
95;25;201;78;Merins;x
96;239;215;22;Lieksastam;x
97;90;37;63;Pioltungsun;x
98;151;104;223;Hirmulatapa;x
99;113;188;240;Harja;x
100;210;18;117;Jokikieksas;x
101;130;126;83;Mataste;x
102;110;33;220;Kauha;x
103;253;180;56;Kolhonalat;x
104;84;218;15;Kiurumakila;x
105;73;224;207;Vahtiainen;x
106;236;190;91;Kivisamaki;x
107;119;73;168;Uttoinespo;x
108;134;79;167;Toturinenki;x
109;172;91;218;Oulaimio;x
110;5;232;240;Pertumsa;x
111;2;174;202;Riorva;x
112;77;201;56;Koskungsun;x
113;164;105;140;Forsauesama;x
114;84;235;175;Turivisuo;x
115;134;174;213;Ylikerumak;x
116;235;45;164;Nuorgsunde;x
117;181;202;139;Virvieska;x
118;28;20;247;Virgamantio;x
119;114;9;22;Kasna;x
120;195;219;253;Kankaavola;x
121;161;168;53;Unarinen;x
122;7;49;16;Saloki;x
123;80;129;167;Varkamala;x
124;212;25;246;Lankirasa;x
125;77;169;26;Herbachasel;x
126;188;125;224;Hereicherg;x
127;120;215;193;Schon;x
128;211;240;22;Rastalof;x
129;207;82;178;Wolfach;x
130;40;105;8;Oberbalsbad;x
131;176;44;44;Braunheim;x
132;163;27;199;Schenweile;x
133;200;31;2;Bosin;x
134;18;18;65;Dobellingel;x
135;228;239;54;Schallingeim;x
136;40;63;243;Waldarmers;x
137;133;159;114;Freudingen;x
138;151;231;116;Cockedeley;x
139;84;98;56;Bridley;x
140;34;177;79;Amerstbury;x
141;30;53;172;Chawleobur;x
142;238;235;64;Kenilesfiel;x
143;134;238;248;Leighester;x
144;48;204;2;Boshead;x
145;38;114;10;Boscakhame;x
146;137;182;195;Altridalton;x
147;174;118;5;Midhuton;x
148;218;10;216;Seaforough;x
149;109;25;138;Basinewbory;x
150;149;75;247;Frampaignt;x
151;178;119;184;Gateskirk;x
152;206;90;214;Bungastle;x
153;91;105;142;Maldorford;x
154;43;49;240;Stapliford;x
155;175;117;84;Mousewbury;x
156;233;82;24;Horshfield;x
157;218;3;26;Avetosolihu;x
158;89;215;128;Towcedon;x
159;102;187;25;Tutbury;x
160;158;39;194;Dunsthole;x
161;238;148;145;Milbonen;x
162;95;71;229;Torksingst;x
163;144;75;2;Calzasteral;x
164;248;228;17;Ajofrdoso;x
165;46;205;52;Portintana;x
166;16;142;117;Buena;x
167;187;109;150;Almadontigo;x
168;86;220;74;Morasojosa;x
169;134;119;104;Humanar;x
170;148;87;212;Illocente;x
171;12;212;252;Solan;x
172;251;72;8;Irues;x
173;208;26;60;Madelton;x
174;113;98;108;Burtothbur;x
175;31;122;111;Penknorham;x
176;31;192;102;Marshuldon;x
177;157;213;146;Kingtnes;x
178;55;46;201;Brutouth;x
179;246;12;13;Blechfield;x
180;251;218;60;Retfon;x
181;175;84;238;Retfocking;x
182;163;116;160;Flokley;x
183;78;158;90;Dunstash;x
184;85;72;143;Somererden;x
185;16;229;115;Lintord;x
186;50;120;195;Marignonviles;x
187;87;115;100;Charsontecoq;x
188;152;230;134;Bordesploy;x
189;85;226;240;Sceaurthivie;x
190;130;211;204;Pierceletenay;x
191;143;4;163;Gemigauberol;x
192;234;18;134;Poille;x
193;91;134;29;Mardilaran;x
194;55;69;174;Boularvileau;x
195;187;178;231;Beaucerdons;x
196;155;110;241;Faverailigny;x
197;74;179;46;Ascouchamp;x
198;208;190;248;Cortrsainv;x
199;65;58;16;Vimorviles;x
200;40;48;233;Menesainvi;x
201;167;200;132;Taverole;x
202;227;23;89;Amilleurs;x
203;218;122;216;Ascherolony;x
204;212;29;208;Foretemoy;x
205;107;20;238;Saranely;x
206;130;72;180;Nibelemoy;x
207;48;252;34;Vigne;x
208;15;92;53;Belinetieroy;x
209;58;112;87;Lailly;x
210;161;208;233;Lailliers;x
211;167;231;58;Beauchaten;x
212;192;21;217;Ascouranvil;x
213;200;64;105;Ardony;x
214;179;104;150;Vieillonogent;x
215;218;11;150;Nibellorces;x
216;67;69;181;Isdes;x
217;85;216;54;Favervilleson;x
218;25;7;7;Sulorieyron;x
219;53;70;155;Briarsarany;x
220;179;131;54;Coulans;x
221;32;110;105;Kelotila;x
222;99;151;129;Jarve;x
223;183;99;127;Viljaani;x
224;50;84;183;Kivisiemi;x
225;78;49;250;Klovs;x
226;63;217;35;Jamsainena;x
227;128;204;227;Emasa;x
228;212;213;63;Orivenjoki;x
229;57;208;72;Obentiosa;x
230;214;22;67;Numenli;x
231;87;205;211;Paide;x
232;47;200;80;Viohmat;x
233;109;98;39;Sauenmakik;x
234;27;222;168;Pertskog;x
235;32;194;160;Lapuahtari;x
236;83;240;186;Kehra;x
237;200;140;134;Ouluopioski;x
238;154;77;192;Purmokikyla;x
239;48;178;61;Salotila;x
240;175;19;230;Jamsa;x
241;197;48;87;Kouvaarinm;x
242;141;21;49;Hankojak;x
243;194;233;179;Kemijarve;x
244;81;72;238;Unari;x
245;139;195;95;Hinkabolen;x
246;113;65;169;Tuorvamsalu;x
247;130;50;235;Havumiisa;x
248;133;107;19;Mustvala;x
249;121;179;22;Virenkita;x
250;131;88;139;Yloja;x
251;84;101;247;Karkohtla;x
252;188;91;30;Rapinariemi;x
253;235;249;164;Hatiosavesi;x
254;170;86;193;Repospota;x
255;55;189;176;Keravskog;x
256;209;238;95;Otepausarvi;x
257;132;21;67;Ruotsaksyk;x
258;142;202;46;Tuotlajar;x
259;55;24;51;Haaraki;x
260;23;212;221;Raplamasmu;x
261;95;84;89;Akaavonli;x
262;210;151;246;Temalmi;x
263;71;120;216;Munst;x
264;11;140;228;Hintertal;x
265;98;193;217;Sulzheim;x
266;13;95;12;Oberh;x
267;52;137;66;Oberbach;x
268;214;236;240;Sasbachwal;x
269;80;72;161;Rheingen;x
270;71;225;87;Maulbolzhe;x
271;160;85;216;Inzlirchza;x
272;67;179;85;Tribenau;x
273;152;27;86;Hasel;x
274;41;110;46;Marzenbergen;x
275;116;136;13;Winzenengen;x
276;70;38;156;Bretford;x
277;251;184;237;Bridlediton;x
278;167;115;154;Abingheroe;x
279;190;59;20;Cleobromya;x
280;91;118;94;Thetfield;x
281;101;193;210;Knarendove;x
282;12;2;133;Orford;x
283;175;204;209;Wartord;x
284;137;16;76;Rockigmore;x
285;49;197;10;Retfon;x
286;160;155;123;Baldough;x
287;188;150;199;Retfontacut;x
288;244;234;236;Newbilton;x
289;134;136;161;Coleston;x
290;51;210;184;Portster;x
291;70;62;53;Tetbutholme;x
292;120;61;55;Amersea;x
293;52;248;225;Solihfield;x
294;82;147;141;Grampound;x
295;61;157;29;Haltoke;x
296;114;137;31;Rothbos;x
297;61;147;200;Flokleigh;x
298;90;118;43;Bramporley;x
299;8;145;177;Milbolihul;x
300;169;236;220;Botham;x
301;139;36;201;Norhark;x
302;36;109;152;Cliftereham;x
303;218;242;107;Calnetford;x
304;122;87;10;Newbotokeld;x
305;230;57;70;Warehoreha;x
306;201;71;64;Halestle;x
307;179;138;232;Craftoncham;x
308;184;223;195;Mangay;x
309;45;72;107;Harloney;x
310;40;16;191;Credinchel;x
311;13;51;235;Buena;x
312;226;55;188;Nunopetena;x
313;246;73;127;Puertigola;x
314;211;20;251;Dosba;x
315;48;206;227;Prades;x
316;88;171;81;Domindrala;x
317;129;140;179;Castenana;x
318;120;29;72;Ontigoso;x
319;56;35;226;Hontancon;x
320;37;248;133;Cirue;x
321;23;87;134;Ilrionil;x
322;22;36;70;Tutbughbury;x
323;155;34;230;Bartouseho;x
324;9;16;157;Newbord;x
325;228;203;123;Hertford;x
326;172;70;44;Chawlehole;x
327;175;94;224;Bretfract;x
328;15;51;63;Brambruton;x
329;37;20;76;Newensey;x
330;143;207;102;Lintole;x
331;116;238;239;Sidmord;x
332;191;67;210;Tregon;x
333;91;188;126;Brampton;x
334;144;83;60;Clifton;x
335;242;204;70;Cleobridger;x
336;200;241;161;Bardos;x
337;47;241;76;Auvilercevil;x
338;251;53;152;Coulleuvy;x
339;73;14;24;Langery;x
340;73;190;46;Givraune;x
341;4;7;243;Panargisy;x
342;49;72;36;Moulon;x
343;68;142;216;Monteauneubin;x
344;239;132;155;Traines;x
345;4;145;9;Bardoy;x
346;116;228;168;Chatilly;x
347;117;51;124;Loroy;x
348;205;250;166;Ingrarvilelle;x
349;127;2;120;Merinnes;x
350;104;124;119;Seichien;x
351;191;206;36;Viglarvillery;x
352;70;81;75;Trainnecie;x
353;239;211;68;Foretigy;x
354;220;62;221;Tivere;x
355;4;199;81;Villeses;x
356;40;59;18;Piereleurs;x
357;251;30;191;Damonts;x
358;105;24;21;Bardouy;x
359;140;197;141;Chantivernais;x
360;15;88;249;Ferolongy;x
361;182;199;159;Pataynesseaux;x
362;14;134;236;Onzers;x
363;92;125;71;Tiveres;x
364;49;18;227;Trigurlin;x
365;6;120;161;Checy;x
366;70;121;209;Ates;x
367;102;226;19;Nancres;x
368;231;243;45;Chambaceau;x
369;203;171;99;Villiers;x
370;72;30;24;Coliguilu;x
371;184;206;63;Langeseleson;x
372;4;54;238;Cercontvil;x
373;130;151;153;Orleaux;x
374;68;212;120;Rozieres;x
375;197;40;219;Ocres;x
376;161;63;13;Choux;x
377;233;136;84;Bricy;x
378;158;175;225;Chapenevil;x
379;137;155;15;Bardonnesson;x
380;178;86;128;Maula;x
381;214;102;175;Tornidenva;x
382;233;184;2;Nokiasa;x
383;141;31;50;Vehka;x
384;206;139;20;Rivesiskima;x
385;211;253;17;Purmola;x
386;4;138;184;Turala;x
387;101;221;134;Sompunapir;x
388;72;159;207;Lanki;x
389;11;121;60;Hyrylankyla;x
390;115;13;101;Kauniitasa;x
391;126;120;85;Malmia;x
392;141;194;244;Nikijarvi;x
393;76;63;66;Orimala;x
394;211;2;156;Mustvisakul;x
395;151;177;222;Laitinola;x
396;240;39;55;Kaskila;x
397;167;229;98;Jokikarpan;x
398;235;114;238;Vantaumala;x
399;205;193;175;Ahtarauma;x
400;251;172;96;Lapuaapama;x
401;244;238;44;Kauniioli;x
402;73;60;30;Tapaari;x
403;59;87;113;Pakioesu;x
404;114;199;51;Vilja;x
405;23;40;63;Siuntumaki;x
406;206;9;25;Nilsi;x
407;40;2;94;Tulparainen;x
408;4;126;244;Vilpsama;x
409;236;163;89;Manturinen;x
410;87;158;46;Tapanekos;x
411;41;67;84;Kuhmosainen;x
412;142;6;109;Pertaanka;x
413;169;128;33;Kuresuruhmo;x
414;84;101;178;Rauti;x
415;43;85;192;Havumaja;x
416;199;202;191;Hamemaki;x
417;206;66;215;Hatasaskyla;x
418;54;164;240;Beniog;x
419;135;159;19;Burtorough;x
420;118;58;132;Freiachtal;x
421;114;176;153;Haselzavels;x
422;141;5;89;Breitaterbac;x
423;58;56;21;Ripelro;x
424;160;248;40;Pforzenfel;x
425;7;173;154;Schwenbron;x
426;63;112;85;Ehrsbadorf;x
427;11;153;241;Furtweierg;x
428;178;207;48;Grafenzklot;x
429;230;196;159;Lauteinau;x
430;163;236;63;Kipfloch;x
431;73;91;205;Munsterzar;x
432;146;238;56;Kehlauchr;x
433;49;120;217;Lauteim;x
434;184;245;162;Staufenaurg;x
435;136;71;227;Fischlsbach;x
436;110;247;142;Ofringen;x
437;51;153;4;Montaltash;x
438;24;30;153;Andovelisc;x
439;126;75;195;Prestesdon;x
440;59;182;209;Warehinglea;x
441;29;214;217;Bideframpt;x
442;179;179;70;Saltazion;x
443;45;146;32;Andover;x
444;186;32;173;Prestnes;x
445;114;102;232;Piltorleyme;x
446;178;32;169;Dunwicham;x
447;17;214;68;Atherothbud;x
448;105;218;109;Peveneton;x
449;123;136;3;Dodbregone;x
450;230;128;246;Peterampton;x
451;205;38;68;Dymoclithe;x
452;147;118;25;Berkersfier;x
453;46;116;179;Bidefnaley;x
454;58;221;95;Tutbulymery;x
455;199;82;73;Westby;x
456;178;55;179;Brastongley;x
457;244;87;208;Lutonematon;x
458;246;196;27;Manchameton;x
459;78;140;188;Henlereydon;x
460;152;2;68;Aylesford;x
461;85;229;244;Fenostondal;x
462;201;42;40;Clifieldon;x
463;126;57;136;Feltord;x
464;144;84;13;Thatcud;x
465;4;119;84;Wareham;x
466;195;191;247;Frampton;x
467;196;80;212;Harbotregon;x
468;61;4;145;Boscamersha;x
469;151;125;184;Kinversfie;x
470;225;245;15;Hertford;x
471;247;51;13;Berwingdon;x
472;179;115;161;Oterotanes;x
473;229;10;82;Cabansuegr;x
474;9;113;66;Hueca;x
475;216;105;132;Taraveras;x
476;97;252;65;Nobledanca;x
477;201;116;214;Pinillas;x
478;19;233;147;Cinco;x
479;84;117;120;Escampilrio;x
480;150;233;122;Rebol;x
481;61;230;160;Gateshester;x
482;237;203;188;Flokipsea;x
483;54;105;139;Tetbuth;x
484;35;51;223;Warenedont;x
485;218;251;194;Grampingh;x
486;127;83;245;Waleton;x
487;86;56;120;Redclandfo;x
488;6;90;12;Westchisbu;x
489;202;112;253;Hathed;x
490;166;125;176;Warenley;x
491;134;187;180;Skipskipto;x
492;51;83;95;Sudbuthwary;x
493;58;75;12;Betler;x
494;234;149;11;Faver;x
495;254;4;11;Melieu;x
496;226;235;66;Trainely;x
497;64;219;147;Bonnery;x
498;140;56;114;Barviles;x
499;21;219;163;Thign;x
500;139;27;149;Onzerdonviles;x
501;155;213;205;Jargecy;x
502;165;184;114;Isdes;x
503;240;82;36;Quiereteauis;x
504;197;244;49;Chevinibel;x
505;52;74;226;Huetrisermail;x
506;209;145;176;Darvontray;x
507;147;58;152;Crothoux;x
508;52;195;170;Gemigny;x
509;188;205;67;Meungyleslle;x
510;27;216;53;Traines;x
511;184;113;53;Presny;x
512;46;88;192;Onzer;x
513;12;19;139;Isdes;x
514;35;122;86;Males;x
515;91;114;229;Pithienay;x
516;138;9;120;Males;x
517;33;199;146;Cernontbar;x
518;199;228;26;Boismoy;x
519;61;146;9;Coligidy;x
520;116;26;198;Bouzy;x
521;154;38;142;Coullereat;x
522;125;66;152;Dordignere;x
523;166;26;166;Rebreseaux;x
524;47;100;61;Boiscorbeil;x
525;219;80;5;Intvilonogent;x
526;129;153;40;Bonesougy;x
527;83;42;10;Chatesploy;x
528;63;215;159;Chainesul;x
529;248;190;8;Bouzouzoue;x
530;140;139;29;Aveyres;x
531;48;187;202;Chantempieres;x
532;102;47;173;Thimoyleslol;x
533;156;62;91;Pandilail;x
534;209;88;86;Kuhmo;x
535;2;169;141;Kalajarvila;x
536;110;221;141;Vehkarvi;x
537;95;102;63;Tuopio;x
538;50;71;246;Lahti;x
539;147;42;41;Kauhalgaa;x
540;245;157;104;Sureskuedak;x
541;161;104;72;Maula;x
542;159;246;123;Tulpujarv;x
543;93;141;182;Ukimakvere;x
544;80;175;253;Haltasund;x
545;41;147;18;Hamenasla;x
546;3;215;237;Kiviskogam;x
547;182;18;42;Tulparaina;x
548;201;28;240;Oulumaki;x
549;165;194;234;Munapamaki;x
550;2;149;207;Oboleniemi;x
551;163;252;221;Maulavalta;x
552;226;226;51;Lansinen;x
553;87;179;124;Saari;x
554;134;126;230;Kohtlarvi;x
555;201;225;222;Kivesuonen;x
556;9;36;97;Parai;x
557;27;197;165;Torni;x
558;171;107;20;Vierumajala;x
559;225;246;161;Tutiosa;x
560;166;109;193;Tiorvi;x
561;108;161;34;Iskmoki;x
562;85;130;43;Viohmaki;x
563;218;161;156;Harjala;x
564;90;105;56;Kundaka;x
565;205;241;252;Jepsaluhmo;x
566;103;40;223;Ahlaika;x
567;245;51;56;Nikohtla;x
568;200;64;204;Murikulali;x
569;62;19;67;Kaupuonenj;x
570;193;230;52;Munapavesi;x
571;123;211;40;Maula;x
572;210;124;53;Jyvasaarinm;x
573;40;64;71;Kiururala;x
574;254;236;185;Pontetford;x
575;240;57;112;Credifield;x
576;254;123;190;Kirch;x
577;189;69;228;Obern;x
578;220;122;10;Ohlsbachonau;x
579;54;88;198;Karlsulzburg;x
580;164;237;6;Dobeluorn;x
581;13;167;189;Badenweier;x
582;46;165;24;Gutenschwach;x
583;18;65;124;Gutachweiler;x
584;117;102;145;Vilburgen;x
585;145;77;37;Eschbach;x
586;20;80;29;Pfafeld;x
587;248;141;122;Vilenbach;x
588;196;205;116;Cleobury;x
589;39;6;153;Norhalesow;x
590;70;24;26;Norhad;x
591;66;160;87;Newboreham;x
592;27;52;28;Solihertfo;x
593;69;215;42;Haydoridge;x
594;144;112;251;Avetonewend;x
595;79;176;106;Flokward;x
596;134;140;147;Whitfaring;x
597;20;123;19;Bodmich;x
598;212;137;113;Carlitheri;x
599;18;213;248;Altrinchel;x
600;24;214;254;Lewesey;x
601;245;31;188;Boltouth;x
602;51;32;244;Stapleobur;x
603;204;137;194;Stapletley;x
604;72;109;190;Noshilokbu;x
605;138;93;34;Piltokburg;x
606;116;145;167;Penknmouth;x
607;177;143;169;Bothambe;x
608;243;32;78;Cudunwic;x
609;156;199;2;Colester;x
610;242;202;221;Cliftongh;x
611;162;152;32;Flokendale;x
612;231;50;93;Tetbuildfon;x
613;99;209;87;Draxbridg;x
614;203;172;152;Harlombeley;x
615;199;109;167;Flokelif;x
616;39;118;101;Daltorthle;x
617;78;88;201;Boscaxbrid;x
618;213;13;2;Kirbympsto;x
619;117;32;107;Ugena;x
620;6;100;55;Romanajofri;x
621;181;198;151;Estrinillas;x
622;161;57;26;Talaveza;x
623;105;249;179;Sotilmas;x
624;49;84;57;Toreriana;x
625;190;10;126;Morenegred;x
626;75;29;29;Camarides;x
627;151;123;226;Galve;x
628;153;212;3;Somolas;x
629;25;202;72;Masego;x
630;11;12;220;Ugena;x
631;238;182;86;Winklton;x
632;9;82;235;Basinesdon;x
633;56;83;242;Rockioney;x
634;103;204;47;Cliford;x
635;238;53;151;Pontenewbor;x
636;73;131;238;Uxbrisle;x
637;99;64;64;Kingtford;x
638;185;200;152;Heytelsea;x
639;49;154;59;Madelewich;x
640;150;61;91;Rothbridge;x
641;149;236;207;Coligrantargi;x
642;101;80;90;Saranoy;x
643;218;103;38;Gaubes;x
644;141;92;109;Montiloy;x
645;15;97;214;Lailonain;x
646;118;70;194;Presontenay;x
647;8;160;36;Meneseaux;x
648;178;70;199;Mirabaule;x
649;178;131;223;Fleuramoules;x
650;87;52;39;Lombrethivies;x
651;50;142;245;Mormauvily;x
652;246;137;160;Ferollermant;x
653;50;11;47;Dosploy;x
654;226;120;48;Ramou;x
655;64;225;174;Combreville;x
656;82;188;209;Rozienay;x
657;162;212;148;Quierignelles;x
658;222;9;209;Corbes;x
659;117;85;140;Dosontargil;x
660;204;206;125;Autru;x
661;89;167;43;Bauleaurlin;x
662;158;66;74;Chalevoy;x
663;21;129;39;Gatinoy;x
664;253;21;190;Brayleslon;x
665;141;67;74;Dordigny;x
666;174;141;99;Monte;x
667;199;58;96;Chatislonail;x
668;8;119;196;Melay;x
669;167;56;153;Montlevoquy;x
670;138;243;3;Charmenest;x
671;103;65;87;Vitry;x
672;147;147;51;Boignoy;x
673;189;7;64;Brete;x
674;42;140;43;Ardondaroy;x
675;218;159;201;Donneseaux;x
676;248;103;206;Bretefitil;x
677;38;75;193;Aulnacillonet;x
678;243;221;186;Boischantery;x
679;97;210;4;Ondreroloy;x
680;140;120;84;Nargigny;x
681;14;81;224;Nesply;x
682;6;216;13;Mezieaunepoy;x
683;113;251;83;Lieksikaup;x
684;168;64;78;Perttula;x
685;133;155;219;Iskmohjara;x
686;45;243;119;Valga;x
687;253;201;159;Viljalima;x
688;69;106;237;Kivisalo;x
689;3;75;141;Kurikio;x
690;2;44;233;Sulainespo;x
691;45;26;88;Kurikkant;x
692;43;126;161;Haasa;x
693;37;132;8;Ahlaimavola;x
694;135;123;164;Minikoski;x
695;133;14;110;Upininen;x
696;86;92;123;Lankiorgam;x
697;44;87;162;Raplala;x
698;191;117;210;Lanki;x
699;33;39;220;Otepaniemi;x
700;198;68;161;Kotkarvi;x
701;61;8;146;Elvarvi;x
702;249;12;164;Forsuhajok;x
703;211;214;64;Obyrjant;x
704;9;224;180;Seinari;x
705;211;172;47;Kauhari;x
706;172;123;254;Viorutiosa;x
707;129;46;148;Rovanikoski;x
708;115;223;141;Rakveki;x
709;168;97;9;Munapoit;x
710;168;181;234;Hatariosa;x
711;239;147;159;Kemijarvi;x
712;204;105;125;Benkylaja;x
713;180;236;178;Vehkapaves;x
714;164;69;218;Jokikogeva;x
715;10;226;181;Rakvenensu;x
716;207;54;143;Pudasepori;x
717;128;178;210;Lohjalalaa;x
718;116;217;34;Tapaste;x
719;29;49;225;Viviesk;x
720;82;120;176;Hirmuopio;x
721;202;252;201;Klaukylaara;x
722;126;129;105;Kuopijarvin;x
723;217;168;202;Syrjaperala;x
724;198;195;241;Paimima;x
725;174;7;197;Sudbury;x
726;150;160;148;Winkleyard;x
727;20;96;84;Westchil;x
728;233;228;85;Penritford;x
729;53;129;35;Saltarling;x
730;95;120;82;Wartonewbur;x
731;138;252;26;Penknewent;x
732;247;28;134;Kilkhbury;x
733;234;123;111;Montalton;x
734;5;222;112;Kilkheton;x
735;107;242;189;Tuningen;x
736;58;96;17;Schonordrach;x
737;177;95;220;Neuhach;x
738;185;242;197;Eimelertald;x
739;223;184;171;Hausamberg;x
740;241;5;43;Kusteinehr;x
741;167;17;2;Hornbreisa;x
742;124;69;9;Fluorgenbach;x
743;53;233;74;Marchonach;x
744;7;205;179;Simon;x
745;158;123;222;Laufen;x
746;105;44;29;Schwerdorf;x
747;98;217;175;Sulzenfel;x
748;35;188;169;Malbouth;x
749;24;123;82;Wodbury;x
750;250;95;79;Machawleham;x
751;137;231;233;Hornber;x
752;233;115;234;Wigmomyard;x
753;79;134;35;Wigmonstabl;x
754;162;49;156;Westcud;x
755;51;125;97;Bartonedon;x
756;230;80;98;Sherseasal;x
757;160;237;125;Calney;x
758;208;124;84;Retfon;x
759;148;135;161;Padsted;x
760;182;181;181;Frampontef;x
761;229;122;249;Charmarlbo;x
762;43;236;208;Heyteromyar;x
763;15;197;183;Mouseterd;x
764;186;134;45;Colestoner;x
765;3;51;7;Dymochelse;x
766;254;199;191;Warehisbur;x
767;112;149;93;Milboreham;x
768;142;194;33;Launchet;x
769;19;108;82;Wivelesfie;x
770;133;175;89;Uxbrisle;x
771;244;52;75;Torksdon;x
772;119;90;126;Readidefor;x
773;166;197;89;Penknaresb;x
774;79;129;46;Maganola;x
775;80;213;155;Alcaunquera;x
776;176;137;37;Milmasande;x
777;97;104;186;Setilmendr;x
778;160;71;17;Escopiquer;x
779;9;4;15;Megintaloj;x
780;98;240;62;Negregra;x
781;146;242;81;Driebeludo;x
782;184;157;243;Somolvis;x
783;7;168;92;Zarzuevo;x
784;50;193;234;Camarermoso;x
785;123;92;222;Persham;x
786;156;232;143;Credilwort;x
787;210;54;138;Hertford;x
788;12;4;65;Winchawlei;x
789;138;182;205;Cleobirmin;x
790;221;113;238;Montamondbu;x
791;41;119;254;Knutstot;x
792;153;39;181;Saltamyard;x
793;249;130;17;Paignor;x
794;21;59;185;Newbifton;x
795;193;98;124;Abingodman;x
796;108;63;195;Berdester;x
797;177;196;128;Causkiptord;x
798;140;113;60;Tetburton;x
799;244;167;193;Gaubeuveilter;x
800;87;39;136;Chilleneulant;x
801;47;78;107;Bauleresason;x
802;118;158;124;Bouzoy;x
803;209;166;105;Saranvilonain;x
804;238;110;106;Mirabelles;x
805;207;240;49;Boignayerses;x
806;248;223;68;Semoy;x
807;151;210;217;Ardontecoques;x
808;37;8;188;Neuvillertin;x
809;184;36;18;Ercevilleurs;x
810;115;18;205;Combrvile;x
811;104;44;162;Bussigny;x
812;102;179;243;Bondautruy;x
813;232;117;184;Mardillones;x
814;129;127;86;Lornonzerail;x
815;34;38;160;Ivres;x
816;188;252;226;Bacreny;x
817;77;181;244;Merinaynes;x
818;17;134;143;Montiscoux;x
819;177;60;125;Chambonnecy;x
820;227;62;58;Orvillambles;x
821;188;121;11;Orleauvilery;x
822;251;252;190;Mignernoy;x
823;75;30;194;Dampierescoux;x
824;97;99;19;Fontesemoy;x
825;99;134;11;Montieresemoy;x
826;147;70;143;Dontcressoy;x
827;253;155;86;Trigutarvin;x
828;29;41;232;Chateauchatel;x
829;198;12;129;Clery;x
830;215;43;35;Epiedives;x
831;244;25;125;Montesigny;x
832;79;96;94;Mormay;x
833;172;121;232;Gienes;x
834;159;31;96;Mormardons;x
835;209;31;194;Chate;x
836;19;5;47;Chantruy;x
837;200;162;205;Champaneres;x
838;194;133;39;Chars;x
839;126;25;234;Rautike;x
840;203;156;248;Virivesitio;x
841;93;171;43;Vakiedakala;x
842;173;242;125;Itakorkoby;x
843;225;126;25;Savonkari;x
844;113;124;47;Savonivala;x
845;8;215;222;Jioesmuk;x
846;172;113;197;Kelotinenen;x
847;130;191;80;Harjapirt;x
848;225;228;77;Paldieksa;x
849;207;51;72;Yliviotka;x
850;75;98;183;Kaskinokia;x
851;218;183;221;Parkujarvi;x
852;97;252;99;Forsiemi;x
853;74;90;90;Roykauhav;x
854;223;165;141;Emasavonli;x
855;156;192;240;Sunapira;x
856;64;236;4;Kelaarainen;x
857;248;15;34;Rakvenlin;x
858;194;81;55;Jokikuhmo;x
859;143;11;102;Tregonglet;x
860;254;108;151;Yeovinvery;x
861;180;130;51;Chiporley;x
862;47;112;157;Harbongstok;x
863;29;108;117;Kuhmoyki;x
864;110;43;48;Rakvepori;x
865;32;93;231;Raisitala;x
866;126;231;233;Jokika;x
867;38;128;61;Vantainen;x
868;79;24;7;Rakoskimio;x
869;65;238;154;Suonemi;x
870;19;62;126;Hosaloski;x
871;19;207;135;Emasajarvi;x
872;35;111;23;Paiminlin;x
873;144;14;136;Napakankka;x
874;211;24;208;Ulvilalaala;x
875;103;59;104;Tiorvaniem;x
876;54;52;202;Ahlai;x
877;244;193;136;Paimilaari;x
878;16;206;249;Iskmolho;x
879;221;226;174;Castlandfo;x
880;173;69;74;Modbugham;x
881;53;29;220;Wickwiveli;x
882;82;246;168;Retfowcest;x
883;89;148;153;Gutachal;x
884;198;13;136;Bonauberand;x
885;137;104;213;Nagolertal;x
886;106;203;44;Endinsternau;x
887;184;206;150;Schopelrod;x
888;13;223;11;Gernsbach;x
889;202;177;109;Binzeimauern;x
890;53;61;73;Gernschbro;x
891;41;2;131;Nagol;x
892;206;50;57;Lofenwei;x
893;209;227;99;Dobelberg;x
894;75;34;219;Lahrigach;x
895;154;234;250;Stein;x
896;230;241;229;Efrindorf;x
897;38;57;97;Southawleif;x
898;142;187;42;Quatford;x
899;78;7;82;Osweseholes;x
900;213;178;11;Midover;x
901;45;78;41;Westckingh;x
902;132;150;59;Tetbury;x
903;24;89;16;Dymockeley;x
904;200;54;193;Louthelsea;x
905;127;172;251;Prestoneton;x
906;220;199;21;Helstham;x
907;34;162;174;Marazionton;x
908;219;211;235;Blecharbot;x
909;232;248;78;Padstondon;x
910;235;39;155;Nostaplent;x
911;124;19;234;Feltodbury;x
912;55;64;147;Walingf;x
913;204;3;62;Launchawler;x
914;157;86;193;Colesterd;x
915;189;61;51;Lympskipse;x
916;49;21;100;Faringtre;x
917;82;173;189;Stotoneth;x
918;76;75;244;Berden;x
919;198;58;90;Modburham;x
920;201;214;206;Borourst;x
921;54;97;30;Boltowcest;x
922;145;130;7;Newbord;x
923;48;184;240;Birmingsto;x
924;116;131;123;Withed;x
925;126;82;149;Withersham;x
926;145;110;244;Credilton;x
927;198;169;248;Sidmoutham;x
928;104;131;18;Winklingfon;x
929;227;64;220;Cantalverda;x
930;224;221;240;Penalaga;x
931;167;160;50;Esquiaranda;x
932;165;42;238;Lilojas;x
933;99;176;110;Fuembancona;x
934;4;143;192;Galvesotos;x
935;186;183;61;Tortonsecas;x
936;210;208;99;Driebarios;x
937;248;57;139;Galverzo;x
938;165;66;79;Ajofroyosa;x
939;202;249;195;Haydocking;x
940;194;88;78;Durhauster;x
941;55;7;142;Hornberlow;x
942;71;90;165;Gramportsm;x
943;8;72;111;Darlintacut;x
944;19;48;74;Horshatfie;x
945;48;36;146;Marlboroug;x
946;74;139;100;Cliftamert;x
947;72;240;111;Walcestes;x
948;253;117;111;Caustoneld;x
949;246;160;204;Feltoning;x
950;139;35;241;Modbudley;x
951;48;236;8;Salislere;x
952;200;57;212;Intvis;x
953;65;217;80;Girolliers;x
954;91;52;64;Moulonvilles;x
955;65;194;213;Montbertinvil;x
956;67;94;42;Fleureteau;x
957;70;59;17;Bardorvilesas;x
958;228;80;128;Viligny;x
959;120;251;244;Rozoyroncy;x
960;91;218;166;Merintsony;x
961;71;223;36;Presnnenoy;x
962;74;36;94;Thorarsainnes;x
963;171;110;125;Montambonnely;x
964;76;165;5;Menessieres;x
965;146;193;170;Bacreauzouer;x
966;114;3;115;Neuvy;x
967;180;164;45;Dordilons;x
968;228;13;251;Dadonais;x
969;109;181;76;Sermasougy;x
970;46;132;225;Cesarotemaux;x
971;63;126;184;Vimorroisploy;x
972;179;110;141;Triguchero;x
973;70;50;137;Villecy;x
974;76;50;125;Bordetiverny;x
975;28;145;202;Keraviosa;x
976;151;235;112;Bjorkkala;x
977;113;2;14;Tormajarvi;x
978;209;184;10;Sceaury;x
979;197;31;205;Briarmesuly;x
980;66;27;128;Prefois;x
981;23;248;245;Cesarouvra;x
982;105;177;176;Champierdon;x
983;224;56;61;Autruetres;x
984;239;156;107;Grene;x
985;238;228;156;Loury;x
986;128;160;227;Beaugny;x
987;18;66;207;Lorigny;x
988;107;162;122;Chateres;x
989;40;251;147;Ascheans;x
990;224;45;95;Chevins;x
991;146;110;191;Ramou;x
992;219;92;127;Aubinteaux;x
993;30;61;202;Train;x
994;24;118;115;Chevigloy;x
995;232;57;47;Prefoy;x
996;236;92;82;Patay;x
997;209;201;191;Kotkasula;x
998;194;208;126;Joensompuj;x
999;66;66;246;Klovsionala;x
1000;76;87;3;Kuresakio;x
1001;230;197;55;Kolhoskue;x
1002;8;18;88;Ouluapa;x
1003;224;89;101;Suonejava;x
1004;117;72;196;Jungskaanpa;x
1005;125;174;96;Kuopi;x
1006;62;123;144;Orima;x
1007;40;21;15;Nuvisuota;x
1008;125;44;29;Pertanmaki;x
1009;229;170;99;Hame;x
1010;154;176;79;Kalovi;x
1011;183;88;153;Kalajarvi;x
1012;162;242;248;Pieksikaup;x
1013;104;157;195;Pertajarva;x
1014;122;31;154;Munaparain;x
1015;24;73;199;Vantslaki;x
1016;90;234;19;Chawltonge;x
1017;156;224;215;Burtough;x
1018;106;179;9;Stotleton;x
1019;99;206;86;Hertford;x
1020;84;70;104;Kurikel;x
1021;200;183;253;Emasalohja;x
1022;96;136;252;Napaldisula;x
1023;97;241;104;Kuriainena;x
1024;83;42;86;Laitisiola;x
1025;240;34;7;Alajanmaki;x
1026;41;123;159;Purmo;x
1027;205;221;90;Porvo;x
1028;243;96;106;Aijalahtima;x
1029;77;15;198;Klovsamaki;x
1030;178;198;41;Jepirtamala;x
1031;149;238;64;Varkalobnas;x
1032;195;136;94;Lieksi;x
1033;122;23;159;Pieksund;x
1034;228;126;19;Ylikesioli;x
1035;191;219;23;Tarpouthole;x
1036;200;151;134;Inzlingenzen;x
1037;151;226;170;Schwofstet;x
1038;245;76;237;Neuhadtenhei;x
1039;249;65;133;Laufach;x
1040;19;138;128;Petereibur;x
1041;144;137;211;Loforzhenau;x
1042;54;91;23;Heiteried;x
1043;244;193;97;Emberg;x
1044;110;230;60;Engelrodechr;x
1045;122;39;121;Griesbachw;x
1046;171;158;39;Helstonby;x
1047;20;252;32;Withandfor;x
1048;243;182;44;Bungaignton;x
1049;12;114;199;Cantey;x
1050;16;47;38;Basiningtr;x
1051;163;213;37;Newbund;x
1052;88;75;132;Orforkeley;x
1053;36;188;250;Berdey;x
1054;3;68;244;Draxningham;x
1055;164;186;182;Penzarton;x
1056;62;133;235;Credinton;x
1057;244;30;159;Romneadingh;x
1058;125;173;96;Dunwicham;x
1059;63;183;111;Avetoneney;x
1060;190;145;41;Rothwigan;x
1061;76;50;115;Atherbot;x
1062;153;41;225;Cudbury;x
1063;124;159;126;Daltordford;x
1064;57;60;233;Hornbingdo;x
1065;117;193;112;Wargrampton;x
1066;203;238;133;Walingfo;x
1067;152;110;198;Pershampto;x
1068;214;9;103;Wivelington;x
1069;89;250;199;Knareigh;x
1070;85;125;101;Helsth;x
1071;221;20;144;Fengham;x
1072;49;66;34;Chiltashole;x
1073;53;241;218;Kinvesdon;x
1074;245;27;81;Meregoney;x
1075;139;187;59;Cantas;x
1076;135;26;3;Castillaste;x
1077;15;197;204;Bargaral;x
1078;208;143;84;Noblembel;x
1079;155;97;100;Querojosa;x
1080;146;22;214;Herios;x
1081;146;35;159;Iruesegoso;x
1082;91;57;40;Paredetamos;x
1083;182;245;47;Belvierzo;x
1084;237;103;18;Ciruedalgar;x
1085;244;86;29;Molinunonar;x
1086;36;20;62;Tutbunstab;x
1087;173;151;93;Orfordudley;x
1088;16;134;231;Godmasings;x
1089;56;231;128;Draxbridg;x
1090;39;241;48;Tregockley;x
1091;103;29;113;Tintarton;x
1092;254;176;174;Aylesbury;x
1093;225;151;156;Colesalter;x
1094;119;45;107;Villesenon;x
1095;146;235;102;Ferdon;x
1096;101;20;198;Breteseaux;x
1097;96;100;254;Boigny;x
1098;13;14;179;Onzery;x
1099;171;84;39;Corberaincray;x
1100;157;214;243;Orvil;x
1101;180;168;113;Moulouleteau;x
1102;32;50;148;Viglaux;x
1103;11;28;51;Seichevantes;x
1104;121;30;128;Barvisainvier;x
1105;146;51;93;Loury;x
1106;216;136;30;Barvignelles;x
1107;53;76;53;Thoray;x
1108;78;40;163;Braynesanteay;x
1109;221;191;51;Courteaulnay;x
1110;43;182;53;Ferozoy;x
1111;205;37;10;Merinoy;x
1112;83;170;122;Damigny;x
1113;139;114;237;Ascoutruy;x
1114;186;52;207;Viladonnes;x
1115;165;204;188;Marcileuses;x
1116;199;213;94;Kauniainen;x
1117;133;148;171;Klovsa;x
1118;38;58;33;Harjapa;x
1119;242;46;36;Kiveskog;x
1120;23;136;178;Ouluttula;x
1121;223;113;171;Tunariemi;x
1122;33;182;176;Escrignes;x
1123;191;62;229;Moulil;x
1124;46;32;211;Ascoury;x
1125;10;196;221;Cepoy;x
1126;234;109;154;Laillemur;x
1127;36;238;251;Cortrs;x
1128;159;79;125;Bouzy;x
1129;167;99;113;Panvileury;x
1130;123;46;51;Beaugry;x
1131;47;226;84;Charmillemou;x
1132;49;105;67;Chevarigny;x
1133;165;201;51;Escreanseseau;x
1134;139;35;81;Pithinay;x
1135;249;87;33;Meseaux;x
1136;10;40;174;Chanteladon;x
1137;188;117;142;Ingrechien;x
1138;108;81;253;Sauepuavesi;x
1139;116;97;237;Nivaliedak;x
1140;69;241;177;Parolatasva;x
1141;56;11;121;Otanmala;x
1142;63;96;123;Kuhmolaaksy;x
1143;155;89;9;Kauharkmo;x
1144;152;206;239;Itakoisaku;x
1145;229;238;44;Nuvari;x
1146;137;222;4;Hamelva;x
1147;26;165;113;Niksaasnas;x
1148;77;39;141;Kolhorsula;x
1149;254;226;108;Kotkapsalu;x
1150;46;14;44;Viekisapua;x
1151;27;146;198;Pohja;x
1152;42;203;181;Lempainenen;x
1153;206;169;71;Pakanka;x
1154;44;116;185;Havumiori;x
1155;190;146;202;Kuopi;x
1156;79;196;151;Tuhmoski;x
1157;56;134;40;Horsharlow;x
1158;123;120;208;Berkewes;x
1159;22;119;66;Shifney;x
1160;151;175;247;Finedmin;x
1161;164;196;252;Oitaaneko;x
1162;230;179;48;Viljamsalu;x
1163;227;219;7;Tapasjarva;x
1164;188;91;119;Umasmakeuru;x
1165;53;182;216;Sastajarven;x
1166;123;119;180;Mantamsal;x
1167;37;92;156;Murukalahe;x
1168;213;70;39;Rajamioisa;x
1169;217;32;61;Keloksauka;x
1170;206;153;146;Kauhamsalu;x
1171;223;152;254;Oulainen;x
1172;18;147;109;Huituuki;x
1173;142;157;119;Emasa;x
1174;243;9;6;Ruona;x
1175;73;15;138;Upinkajarvi;x
1176;106;50;25;Klovsalu;x
1177;238;213;28;Utalahankor;x
1178;139;239;133;Ahlai;x
1179;142;79;70;Rakvensuami;x
1180;218;90;4;Lofeldbeld;x
1181;34;232;100;Rusttersw;x
1182;150;78;115;Buhldshut;x
1183;125;254;117;Rusttersw;x
1184;201;65;222;Tiefern;x
1185;149;73;215;Rustten;x
1186;10;118;121;Herbonswal;x
1187;55;127;5;Althergen;x
1188;161;112;240;Lorozingenau;x
1189;220;218;27;Keltental;x
1190;58;59;202;Bonacherbach;x
1191;229;191;122;Karlstet;x
1192;244;247;159;Bambuncest;x
1193;170;185;2;Foweympsto;x
1194;141;204;139;Rothbey;x
1195;196;73;242;Sherstotham;x
1196;38;5;226;Boroury;x
1197;215;91;228;Peterytesbu;x
1198;200;12;107;Apickerd;x
1199;45;189;221;Chindbury;x
1200;166;195;149;Rockindbury;x
1201;91;15;6;Retfoleovil;x
1202;122;38;148;Cockevense;x
1203;200;171;155;Gathwarkham;x
1204;254;151;14;Burtodbur;x
1205;38;161;49;Seasamarlbo;x
1206;11;123;174;Cleoburyard;x
1207;214;32;241;Lympseact;x
1208;131;66;142;Portskirk;x
1209;33;24;247;Thaxtham;x
1210;172;191;167;Warenby;x
1211;197;99;8;Meramberd;x
1212;14;84;211;Lewesbury;x
1213;97;106;45;Piltokerton;x
1214;24;15;248;Warehindon;x
1215;194;198;172;Wiscombe;x
1216;115;219;168;Peralalgar;x
1217;217;102;116;Azuquela;x
1218;104;59;219;Sauca;x
1219;203;4;186;Talaveras;x
1220;240;227;180;Esplesena;x
1221;155;53;30;Alovedrando;x
1222;245;183;18;Albripton;x
1223;245;126;250;Kenilowbury;x
1224;246;123;178;Castlesowe;x
1225;205;109;59;Cockeaford;x
1226;178;30;77;Swaveley;x
1227;30;62;141;Dordisarvil;x
1228;16;71;110;Rozies;x
1229;77;63;215;Ondres;x
1230;45;250;3;Montidy;x
1231;114;133;137;Crotrat;x
1232;7;61;182;Ramou;x
1233;71;50;195;Treil;x
1234;13;161;66;Mardilles;x
1235;4;71;9;Vrignvillons;x
1236;163;190;152;Marsaulieu;x
1237;118;150;178;Vileselemout;x
1238;195;149;156;Chalervauves;x
1239;198;239;210;Bacherollant;x
1240;31;115;99;Louzoy;x
1241;191;12;65;Guignayers;x
1242;201;30;226;Juran;x
1243;141;19;104;Coligriseles;x
1244;232;53;5;Courcorqui;x
1245;49;53;152;Mezies;x
1246;155;86;181;Rozoy;x
1247;113;123;251;Neuvy;x
1248;85;215;65;Courchailes;x
1249;44;154;224;Viles;x
1250;100;196;119;Mezieroly;x
1251;231;170;243;Kauvahaine;x
1252;89;235;167;Munapsalu;x
1253;16;181;236;Repospotepa;x
1254;178;94;246;Turulaarija;x
1255;70;7;73;Nitakos;x
1256;84;204;203;Kotka;x
1257;6;207;246;Ahtarvoesu;x
1258;84;42;244;Vehmavesi;x
1259;44;26;249;Mirabois;x
1260;72;217;5;Bachy;x
1261;87;240;116;Cerdons;x
1262;123;138;35;Belesploy;x
1263;54;42;23;Mormatillen;x
1264;149;194;204;Baules;x
1265;138;212;91;Barviers;x
1266;130;24;71;Barvierssas;x
1267;236;176;85;Mignethiver;x
1268;157;151;141;Chausulieur;x
1269;186;6;179;Dordilombre;x
1270;199;140;124;Guigny;x
1271;16;171;165;Escre;x
1272;149;109;70;Rouvrat;x
1273;69;16;251;Piolvaskyla;x
1274;18;204;51;Kehrakari;x
1275;84;217;239;Viekiihima;x
1276;169;9;209;Kemijarvi;x
1277;241;196;72;Mustvala;x
1278;253;214;25;Rakvepahti;x
1279;187;191;30;Rapind;x
1280;191;80;203;Salotkaimio;x
1281;129;167;231;Hamakikaupu;x
1282;17;196;57;Husularinma;x
1283;220;145;137;Raumaja;x
1284;164;66;79;Jamsa;x
1285;133;233;214;Kemijungsuv;x
1286;147;194;150;Lempaaksy;x
1287;240;252;127;Jokikijala;x
1288;158;16;194;Mustvi;x
1289;127;195;121;Kaupuonenja;x
1290;41;38;65;Otepaame;x
1291;122;220;98;Hame;x
1292;110;71;234;Ormskering;x
1293;67;99;104;Brastremat;x
1294;191;16;56;Mitfowen;x
1295;164;95;90;Seaforford;x
1296;153;104;62;Jarvelvaare;x
1297;104;250;85;Vehkarinma;x
1298;182;127;253;Turenivala;x
1299;186;33;65;Turinenta;x
1300;253;144;146;Obnaskio;x
1301;156;218;97;Tormaukaja;x
1302;251;162;252;Unarimaki;x
1303;75;117;34;Pudasasmaki;x
1304;174;155;76;Kurikylaala;x
1305;70;240;116;Lauti;x
1306;187;34;3;Valkesi;x
1307;38;104;24;Niiluravola;x
1308;184;21;30;Hamakika;x
1309;76;183;144;Hirmuuraha;x
1310;61;192;44;Kilja;x
1311;177;12;156;Pioltuusnie;x
1312;20;125;4;Tuuitiluran;x
1313;9;108;11;Parolovsko;x
1314;171;165;244;Zavelofinge;x
1315;228;109;39;Feldbruckap;x
1316;45;121;58;Hardt;x
1317;189;97;172;Oberheimurg;x
1318;182;187;37;Winzenfeld;x
1319;238;25;183;Binzengsten;x
1320;12;192;241;Wildbergen;x
1321;250;238;7;Enzelerzheim;x
1322;182;242;168;Rheinberg;x
1323;219;173;129;Schopfheim;x
1324;43;3;28;Selbach;x
1325;13;191;35;Todtnach;x
1326;122;6;167;Rustertalden;x
1327;179;160;134;Stuhlsbadt;x
1328;79;14;159;Sasbangengen;x
1329;12;62;214;Sackingenen;x
1330;159;207;246;Ebringen;x
1331;140;168;217;Lauten;x
1332;194;160;42;Torksmouth;x
1333;143;246;89;Helsth;x
1334;89;67;202;Fendovery;x
1335;184;5;194;Brampleby;x
1336;182;231;171;Flokenilw;x
1337;161;89;44;Cleobingdo;x
1338;103;73;62;Almonchest;x
1339;162;231;239;Brastford;x
1340;172;193;106;Lewestery;x
1341;163;78;214;Axbripton;x
1342;106;224;203;Crediley;x
1343;251;53;173;Winchleach;x
1344;117;212;3;Grampton;x
1345;47;12;150;Retfoney;x
1346;33;101;110;Framping;x
1347;104;27;4;Mouseaford;x
1348;185;12;101;Skiptregon;x
1349;18;150;177;Knutsouthw;x
1350;57;29;132;Dunsteridge;x
1351;134;61;170;Dymocham;x
1352;208;168;9;Canteter;x
1353;156;92;204;Tintameston;x
1354;93;178;56;Negrestola;x
1355;91;245;25;Azuqura;x
1356;33;2;2;Baidenza;x
1357;236;172;183;Burguentes;x
1358;136;192;254;Cabantar;x
1359;6;74;131;Dunstarpor;x
1360;157;190;96;Skipshfiel;x
1361;98;254;121;Brutonewent;x
1362;77;103;87;Kingtongay;x
1363;189;164;53;Auvilleciere;x
1364;197;148;173;Ouzoury;x
1365;179;62;3;Comblleau;x
1366;163;18;17;Onzerdroy;x
1367;95;212;153;Villy;x
1368;210;204;125;Beaulonainnes;x
1369;33;116;31;Ingravantvile;x
1370;130;25;232;Courchatelen;x
1371;40;87;156;Thouxy;x
1372;40;9;98;Rouvrtratbouy;x
1373;81;175;45;Onzertine;x
1374;48;249;113;Chambleux;x
1375;24;37;14;Cortricy;x
1376;127;48;64;Bricy;x
1377;81;25;165;Neuvy;x
1378;92;56;163;Chape;x
1379;189;139;110;Audevany;x
1380;16;143;16;Vilay;x
1381;98;34;57;Ladon;x
1382;163;94;116;Preforviles;x
1383;168;171;88;Sompuopio;x
1384;7;74;21;Autiotepa;x
1385;127;182;194;Alajahti;x
1386;21;48;40;Rapirtornio;x
1387;236;98;127;Tornipohja;x
1388;85;27;197;Husuluusika;x
1389;96;38;175;Porho;x
1390;184;249;158;Littilava;x
1391;68;81;71;Kanka;x
1392;68;42;131;Minmajasaki;x
1393;7;111;90;Karkipohj;x
1394;9;66;119;Kauvauhajo;x
1395;143;33;166;Echile;x
1396;142;13;241;Fleurmontray;x
1397;245;203;251;Rebrercevin;x
1398;103;179;221;Vilepieds;x
1399;157;228;31;Bouillante;x
1400;2;166;89;Rouvroisnoy;x
1401;234;6;55;Boign;x
1402;252;64;41;Bromers;x
1403;55;93;102;Pane;x
1404;54;35;217;Mormavantigy;x
1405;84;223;22;Kuhmoisakue;x
1406;80;167;82;Tapalta;x
1407;7;9;244;Kouvaarenpa;x
1408;62;88;96;Piolvilpio;x
1409;8;116;187;Orivekoski;x
1410;101;172;138;Obyrjanti;x
1411;184;197;251;Rutalarvi;x
1412;9;6;206;Kalajarvi;x
1413;66;118;68;Kuopima;x
1414;39;160;227;Karkala;x
1415;136;62;106;Tuahtivesi;x
1416;135;237;17;Keravi;x
1417;16;75;35;Mustvijarvi;x
1418;57;60;208;Suonelotta;x
1419;98;188;16;Kokkala;x
1420;122;215;141;Porhoesu;x
1421;172;231;47;Rovanipohja;x
1422;100;202;191;Maula;x
1423;223;124;168;Rakve;x
1424;218;141;207;Hatula;x
1425;168;128;169;Grampontef;x
1426;71;131;75;Rovanmaja;x
1427;230;5;242;Heyteley;x
1428;218;245;88;Westbury;x
1429;127;104;223;Bambury;x
1430;238;188;2;Rothwitham;x
1431;85;53;150;Flokermoud;x
1432;197;206;50;Orford;x
1433;240;204;109;Vaaneko;x
1434;200;37;158;Pohjari;x
1435;229;15;168;Jamsauhava;x
1436;25;182;105;Vaini;x
1437;182;100;65;Jarve;x
1438;66;141;38;Torninuvi;x
1439;249;106;203;Pioltautios;x
1440;34;251;193;Kiurunki;x
1441;83;15;242;Ahola;x
1442;152;209;144;Sauesi;x
1443;74;157;243;Kalajioesuk;x
1444;6;157;202;Kotkasanko;x
1445;157;99;191;Maulbachwach;x
1446;239;22;191;Lauch;x
1447;175;157;58;Ofeldenkenze;x
1448;102;141;52;Otigharmerg;x
1449;143;161;197;Schilor;x
1450;90;83;26;Alpirbach;x
1451;234;160;228;Furtweiler;x
1452;112;45;30;Kupenwe;x
1453;27;170;76;Munstmos;x
1454;26;42;66;Dunstry;x
1455;84;250;232;Chiping;x
1456;129;83;38;Quatfaringh;x
1457;226;104;177;Haltothbur;x
1458;15;99;106;Hertford;x
1459;224;246;154;Carlineton;x
1460;200;94;48;Craftot;x
1461;82;37;150;Tintacute;x
1462;166;109;234;Lympsidmou;x
1463;79;14;155;Pickelisco;x
1464;133;228;201;Torkshfield;x
1465;124;128;64;Coleseasal;x
1466;192;17;105;Newbuster;x
1467;111;219;233;Amershoreh;x
1468;187;206;71;Hatfilkham;x
1469;9;135;241;Seafombe;x
1470;190;84;229;Exetereld;x
1471;134;234;58;Rothby;x
1472;40;210;163;Wodbury;x
1473;61;204;57;Thetford;x
1474;195;189;6;Malbon;x
1475;13;200;230;Helstere;x
1476;70;10;28;Aldealherma;x
1477;35;116;252;Urdazas;x
1478;107;88;157;Toreanes;x
1479;66;196;103;Estabranos;x
1480;210;40;54;Anguiofrio;x
1481;222;219;74;Malaguil;x
1482;35;37;195;Camarados;x
1483;41;48;208;Humanar;x
1484;161;203;247;Aldeadanca;x
1485;94;141;58;Mirampilh;x
1486;142;16;146;Grainhas;x
1487;86;24;158;Olivarzeao;x
1488;114;238;130;Vidiges;x
1489;242;132;88;Sacavoras;x
1490;193;173;115;Cacho;x
1491;147;15;80;Morviscom;x
1492;192;202;110;Puise;x
1493;20;175;5;Beaucourte;x
1494;205;232;236;Villesceaux;x
1495;112;137;24;Mignechien;x
1496;181;99;250;Thorailleau;x
1497;189;245;176;Charmbreuilly;x
1498;28;56;15;Barvigny;x
1499;217;218;84;Laillevoquily;x
1500;134;154;221;Bromeaux;x
1501;168;107;60;Semoy;x
1502;138;126;209;Montcevilelet;x
1503;243;57;141;Cerdombreux;x
1504;136;193;22;Lanerete;x
1505;207;60;121;Vehka;x
1506;174;176;120;Emasahtari;x
1507;252;15;23;Sasta;x
1508;18;112;238;Lepsaaksy;x
1509;109;222;62;Valgavesi;x
1510;16;137;79;Kauhansiky;x
1511;7;137;117;Jepieksaksy;x
1512;73;77;47;Kaskivisuo;x
1513;70;198;16;Lieks;x
1514;187;114;110;Kauharainel;x
1515;207;116;130;Lahtinen;x
1516;126;12;217;Pudasio;x
1517;224;163;26;Valga;x
1518;190;193;27;Lepsalima;x
1519;236;92;251;Boign;x
1520;24;212;240;Jargerolevil;x
1521;33;179;92;Aveyrolemoy;x
1522;192;105;103;Rozoy;x
1523;222;50;195;Soltereson;x
1524;87;245;26;Varens;x
1525;71;118;210;Pantbartenay;x
1526;145;28;191;Desmouzoues;x
1527;35;130;88;Lorgis;x
1528;130;171;133;Rinenisalo;x
1529;195;150;200;Numaanisuo;x
1530;206;164;40;Jamsainena;x
1531;168;150;86;Matasalorva;x
1532;93;39;128;Otanmokinen;x
1533;88;78;165;Karksainen;x
1534;129;26;33;Koskutajar;x
1535;152;80;221;Jarveuru;x
1536;110;223;60;Unari;x
1537;171;29;104;Totamalarvi;x
1538;234;191;209;Vehmaarioli;x
1539;12;133;214;Lapuakila;x
1540;119;99;95;Rovanen;x
1541;168;82;109;Pakankiosa;x
1542;17;3;14;Kiviseksa;x
1543;58;29;66;Paraivinima;x
1544;36;55;195;Kylmalajar;x
1545;230;38;87;Syrjaaki;x
1546;191;48;235;Aspokiorva;x
1547;11;185;139;Kolhoskio;x
1548;22;21;206;Karpauniai;x
1549;116;52;161;Tiorviemivi;x
1550;38;18;112;Tetburgh;x
1551;62;8;23;Otanmela;x
1552;148;12;218;Kohtlainen;x
1553;57;144;59;Jokikila;x
1554;240;252;23;Niihimalak;x
1555;128;108;80;Tornituhmo;x
1556;110;71;241;Geisim;x
1557;8;135;73;Freiblumben;x
1558;131;61;106;Sasbaicheim;x
1559;19;84;48;Ashbon;x
1560;120;59;146;Orfordeford;x
1561;82;162;81;Prestesburd;x
1562;233;233;42;Withaton;x
1563;222;229;21;Pickewboro;x
1564;119;201;156;Horsham;x
1565;10;217;47;Yeovich;x
1566;10;85;51;Holmeston;x
1567;44;77;142;Apseanterb;x
1568;180;156;82;Athere;x
1569;18;169;251;Readilkham;x
1570;168;56;124;Mitfonstabl;x
1571;12;196;235;Orforyfie;x
1572;29;21;233;Carlinetong;x
1573;107;199;188;Boscampound;x
1574;57;132;112;Caushoreh;x
1575;126;74;27;Wigmouth;x
1576;14;130;136;Cleoburgh;x
1577;46;188;131;Tregon;x
1578;251;102;171;Withewbig;x
1579;135;129;189;Hinckwark;x
1580;74;150;74;Valdentes;x
1581;165;82;125;Iniesetile;x
1582;242;7;66;Jadrarrijos;x
1583;233;226;192;Huecanto;x
1584;16;47;37;Espines;x
1585;123;182;180;Gajanarges;x
1586;105;122;226;Pradejos;x
1587;96;34;245;Burguenza;x
1588;250;236;93;Cabantaloj;x
1589;22;43;83;Yunqueca;x
1590;124;91;66;Baidejostil;x
1591;2;172;195;Alagouro;x
1592;35;86;164;Eunapelacal;x
1593;244;46;87;Ribeia;x
1594;60;37;25;Rosailada;x
1595;180;182;154;Calheiralia;x
1596;230;226;23;Chatiarmant;x
1597;124;70;45;Nibeloy;x
1598;123;191;248;Court;x
1599;23;45;145;Darvoligny;x
1600;139;134;56;Chillegry;x
1601;205;132;210;Echilivetenoy;x
1602;2;45;43;Cepoyronson;x
1603;57;109;157;Sarans;x
1604;184;229;213;Courchecy;x
1605;240;217;223;Aubin;x
1606;175;193;14;Breterecy;x
1607;245;153;26;Champatay;x
1608;122;5;125;Boesury;x
1609;90;44;20;Ondrecy;x
1610;209;182;121;Rapinttinka;x
1611;129;228;206;Valgalara;x
1612;158;107;28;Siuntioskue;x
1613;193;199;132;Ylikeksa;x
1614;194;55;45;Karkylaaraa;x
1615;229;212;4;Ravajaantal;x
1616;218;78;40;Hosula;x
1617;103;133;215;Kalajarvita;x
1618;242;108;204;Porvovanie;x
1619;172;218;167;Kokikaupu;x
1620;143;174;182;Mumitti;x
1621;26;174;39;Kivisil;x
1622;179;16;249;Vehmarvi;x
1623;212;242;163;Ruottila;x
1624;230;174;134;Tulasikaup;x
1625;94;168;153;Hautaluski;x
1626;237;8;95;Amilly;x
1627;6;156;3;Messeseaux;x
1628;171;60;109;Soltely;x
1629;74;135;191;Nargierersul;x
1630;18;222;136;Gienetigy;x
1631;191;71;209;Beaulery;x
1632;46;167;48;Chaterelly;x
1633;93;144;14;Chapercot;x
1634;169;219;145;Ouluvatsa;x
1635;68;241;105;Kalajakark;x
1636;236;188;28;Roykaupunva;x
1637;229;203;109;Karpavesit;x
1638;218;254;233;Viohmaulalo;x
1639;204;52;81;Tuhavava;x
1640;177;239;98;Naparola;x
1641;187;105;124;Kivisaloby;x
1642;240;19;149;Hoskinolaa;x
1643;12;196;201;Heinotusula;x
1644;167;115;221;Ouluulu;x
1645;184;53;185;Nilsi;x
1646;168;224;212;Hapsalulala;x
1647;191;94;148;Harjajamak;x
1648;68;95;118;Karkarkala;x
1649;84;233;236;Vogaraudal;x
1650;106;244;132;Kauputalah;x
1651;245;210;99;Loimasanta;x
1652;169;228;167;Kuhmo;x
1653;197;192;250;Liedaantal;x
1654;246;74;113;Kurikogam;x
1655;152;111;95;Tamsa;x
1656;93;146;9;Kouva;x
1657;142;20;39;Kauhaurila;x
1658;106;247;191;Unarieksa;x
1659;210;65;121;Harjarvila;x
1660;93;20;185;Nikeuru;x
1661;44;174;56;Nuvesiiolin;x
1662;183;128;144;Lewestchea;x
1663;236;184;30;Louthoreha;x
1664;52;81;144;Wigmonchels;x
1665;240;251;126;Lintone;x
1666;108;125;4;Exninewenth;x
1667;201;2;119;Frampontef;x
1668;207;127;221;Helstowces;x
1669;157;153;91;Pickevense;x
1670;230;123;128;Shorewbury;x
1671;48;249;187;Helstford;x
1672;60;118;13;Salisteden;x
1673;221;45;235;Cleobury;x
1674;127;152;226;Rothbot;x
1675;154;134;88;Lewestchea;x
1676;240;200;197;Modbund;x
1677;244;5;13;Pickentony;x
1678;192;236;211;Kingter;x
1679;28;96;73;Blechetfor;x
1680;50;204;250;Stotongdon;x
1681;151;189;190;Watchiley;x
1682;241;144;227;Mouseston;x
1683;233;155;132;Rothwestbu;x
1684;7;247;115;Yeovitchin;x
1685;120;128;151;Ponteshil;x
1686;187;215;208;Wartotham;x
1687;49;144;109;Hathefract;x
1688;163;250;202;Noseafor;x
1689;62;61;132;Sauca;x
1690;182;131;93;Baidenaven;x
1691;48;167;163;Aldealmadr;x
1692;252;153;139;Malages;x
1693;187;201;141;Piqueruela;x
1694;132;3;19;Herardiel;x
1695;186;230;19;Toraqueque;x
1696;34;127;195;Mocejo;x
1697;21;23;79;Paredosbar;x
1698;146;221;249;Selas;x
1699;144;118;245;Campilfort;x
1700;142;108;83;Alcantral;x
1701;79;177;171;Pinhantarer;x
1702;90;182;182;Benavela;x
1703;137;17;34;Larantral;x
1704;115;50;185;Laranha;x
1705;34;228;49;Calheiros;x
1706;131;22;8;Court;x
1707;214;131;129;Mignelleres;x
1708;248;111;127;Confleansigny;x
1709;146;178;242;Cesareauvy;x
1710;226;219;68;Bonessas;x
1711;224;188;230;Briaraines;x
1712;104;167;4;Thign;x
1713;187;99;220;Dampinay;x
1714;83;34;37;Arteny;x
1715;75;150;112;Vilonecy;x
1716;18;64;41;Potiechilly;x
1717;139;200;129;Sougyers;x
1718;208;144;144;Thoray;x
1719;80;20;12;Tiorvi;x
1720;181;254;197;Loksaa;x
1721;192;95;33;Kankaarinm;x
1722;128;219;96;Coullereais;x
1723;168;102;44;Orvilleilly;x
1724;69;208;11;Hamenlin;x
1725;186;60;175;Upinalarvi;x
1726;122;12;225;Rautitio;x
1727;29;126;203;Tukikyla;x
1728;216;189;222;Kokemioisa;x
1729;143;151;30;Elvauvatsa;x
1730;88;69;117;Hankokimala;x
1731;43;204;92;Kalajarvi;x
1732;138;15;99;Ulvilhonpa;x
1733;212;37;141;Purmohtlaj;x
1734;188;251;98;Itakoykaara;x
1735;59;75;62;Loksaki;x
1736;99;222;6;Kouvavumak;x
1737;35;160;201;Loury;x
1738;10;194;166;Doneretbar;x
1739;252;114;25;Loimarari;x
1740;199;91;158;Ahlaila;x
1741;142;63;78;Nikaupun;x
1742;232;34;35;Reposkog;x
1743;82;187;3;Parkuusamo;x
1744;155;122;17;Lapuarinen;x
1745;104;89;162;Kivesastam;x
1746;83;57;52;Malmia;x
1747;114;200;71;Karpava;x
1748;247;213;117;Rarkvere;x
1749;66;78;32;Rapinenenva;x
1750;206;251;130;Kolhornioki;x
1751;134;124;168;Salotava;x
1752;95;39;146;Hyrylamaki;x
1753;22;125;244;Jungskikyla;x
1754;228;53;166;Maulapaves;x
1755;201;162;148;Pohjara;x
1756;5;182;76;Laurinisala;x
1757;184;106;245;Porholarvi;x
1758;249;51;15;Leirergur;x
1759;216;46;173;Skrovogd;x
1760;103;72;184;Ulvsvet;x
1761;26;85;88;Bjerkifjor;x
1762;228;194;86;Oriveakosk;x
1763;108;127;88;Kanka;x
1764;99;157;99;Paraikerala;x
1765;113;107;194;Aholakaksy;x
1766;25;236;43;Yliviinima;x
1767;15;8;252;Vehmaniemi;x
1768;21;123;35;Valgaankoki;x
1769;42;136;46;Viljankojak;x
1770;138;50;52;Sudbugham;x
1771;106;104;172;Wisconewbor;x
1772;199;42;177;Marazance;x
1773;175;232;25;Kineton;x
1774;28;69;177;Saliseholey;x
1775;139;222;14;Conglingto;x
1776;19;15;66;Whitford;x
1777;15;7;18;Wiscord;x
1778;148;225;29;Kenilersham;x
1779;222;235;179;Berewich;x
1780;104;28;176;Newbughin;x
1781;230;50;38;Madeldon;x
1782;121;118;2;Guildrax;x
1783;241;138;231;Buckingley;x
1784;49;31;84;Cambry;x
1785;248;97;251;Tetburham;x
1786;196;156;84;Walewestone;x
1787;144;111;140;Lintordbury;x
1788;67;230;188;Oakhamptong;x
1789;46;247;36;Midovere;x
1790;71;92;172;Alcesolihu;x
1791;207;124;98;Modbuth;x
1792;189;94;21;Bretfinedon;x
1793;124;169;232;Combestry;x
1794;70;233;169;Penalada;x
1795;188;205;184;Nobleallas;x
1796;73;160;6;Milludo;x
1797;165;213;95;Galververa;x
1798;152;151;92;Piquenorios;x
1799;91;169;32;Pinilzada;x
1800;37;67;155;Ilmales;x
1801;174;50;248;Barga;x
1802;97;168;33;Albarbanco;x
1803;205;133;73;Azuqugenas;x
1804;34;139;50;Ribados;x
1805;53;136;22;Cervespleg;x
1806;206;154;191;Gascueda;x
1807;144;151;75;Hontanto;x
1808;142;172;59;Argesolanil;x
1809;186;154;63;Maqueda;x
1810;74;162;75;Romanantalo;x
1811;78;9;29;Lagarda;x
1812;151;17;112;Viama;x
1813;135;3;209;Milhagueda;x
1814;27;219;235;Limoeirinha;x
1815;253;6;127;Monta;x
1816;156;73;78;Paradalvo;x
1817;231;97;75;Laranhal;x
1818;227;102;87;Cascascave;x
1819;10;107;29;Bretestouy;x
1820;87;167;39;Pierathorail;x
1821;69;182;121;Seichoux;x
1822;65;33;139;Suleury;x
1823;121;237;19;Laury;x
1824;51;124;163;Vilesendonvi;x
1825;196;112;141;Damesherbo;x
1826;187;80;17;Ascheaux;x
1827;178;93;143;Paucoigny;x
1828;205;95;188;Douchorail;x
1829;101;93;46;Panes;x
1830;195;188;190;Nesplles;x
1831;135;17;31;Coulmeles;x
1832;129;213;118;Combrieres;x
1833;246;39;3;Siglorandeur;x
1834;141;191;77;Ardoncy;x
1835;242;82;201;Marsaulet;x
1836;187;155;97;Huetrgeauy;x
1837;25;62;81;Fontercevily;x
1838;254;79;242;Puiserevil;x
1839;71;98;228;Manttalaa;x
1840;24;7;121;Kauva;x
1841;237;224;207;Bontenay;x
1842;12;199;96;Saaitilanka;x
1843;59;51;160;Tapantausio;x
1844;80;75;40;Roykaus;x
1845;171;189;28;Vierureja;x
1846;129;236;156;Aijaloksa;x
1847;21;218;254;Narpi;x
1848;4;28;214;Lieksanekos;x
1849;15;45;15;Hyrylaisio;x
1850;34;203;59;Pudas;x
1851;230;252;85;Mioisalo;x
1852;73;236;134;Rutalaste;x
1853;213;18;24;Otanmes;x
1854;42;120;54;Turiljanda;x
1855;249;206;243;Pieksniemi;x
1856;76;115;86;Rakvela;x
1857;84;203;222;Kehraijala;x
1858;154;27;183;Turentasalo;x
1859;186;58;151;Ouluopiori;x
1860;232;197;160;Elvatainen;x
1861;187;205;193;Rapinjoki;x
1862;201;144;107;Evitskyla;x
1863;25;208;128;Pyhajarvi;x
1864;125;207;131;Pieksyrjan;x
1865;38;217;42;Kauhaahe;x
1866;75;168;86;Akaheposa;x
1867;167;226;141;Turenki;x
1868;34;202;77;Hautaanpa;x
1869;26;55;243;Visakul;x
1870;243;158;29;Vatankainik;x
1871;177;246;137;Manta;x
1872;181;166;206;Vehmasmaki;x
1873;178;130;240;Antslajoki;x
1874;253;154;9;Mutajarat;x
1875;77;232;162;Laiti;x
1876;94;201;221;Vaininen;x
1877;249;68;175;Strangen;x
1878;122;136;83;Oknesydale;x
1879;211;50;25;Grindjupiv;x
1880;20;43;17;Skrovogur;x
1881;197;213;149;Totamaki;x
1882;231;121;159;Koskureja;x
1883;124;169;69;Nikalinen;x
1884;133;79;181;Kalima;x
1885;178;205;24;Vaininen;x
1886;198;242;117;Keraviokia;x
1887;211;204;71;Muerumakivi;x
1888;184;35;155;Ylivi;x
1889;37;126;165;Unaritasmuk;x
1890;179;127;26;Kinetheridg;x
1891;123;113;7;Lintouth;x
1892;67;248;97;Merbury;x
1893;117;162;164;Hinckipseam;x
1894;169;110;53;Romnenknet;x
1895;221;175;110;Launckirby;x
1896;128;69;141;Andovelisc;x
1897;147;93;101;Yeovingtre;x
1898;227;180;49;Standeford;x
1899;145;165;139;Bideftholer;x
1900;182;219;40;Finedunsta;x
1901;140;171;126;Newbidgey;x
1902;19;95;208;Walborney;x
1903;222;151;88;Newbitchin;x
1904;2;54;220;Exetestery;x
1905;108;127;125;Cantesboro;x
1906;199;136;250;Seasalcest;x
1907;188;18;157;Ormskwar;x
1908;46;47;68;Persheroea;x
1909;142;29;92;Montambe;x
1910;126;151;4;Cogolcaude;x
1911;19;106;178;Ilmaventu;x
1912;106;185;172;Tierzaorej;x
1913;227;102;218;Meginones;x
1914;198;84;210;Alhoncos;x
1915;227;86;16;Estabueno;x
1916;227;175;185;Dominosa;x
1917;121;198;223;Hinojono;x
1918;93;22;237;Cardiola;x
1919;25;125;181;Alcaurguila;x
1920;54;57;53;Milmasegos;x
1921;239;41;90;Piozardos;x
1922;191;205;58;Solanilucil;x
1923;195;103;41;Pradecas;x
1924;25;14;113;Valveda;x
1925;20;168;121;Prados;x
1926;190;228;163;Monta;x
1927;188;151;127;Torto;x
1928;200;134;85;Lilzada;x
1929;44;198;30;Escaluzian;x
1930;185;18;139;Telhebolei;x
1931;100;167;187;Queluaco;x
1932;126;135;158;Avelares;x
1933;237;11;58;Chapalheus;x
1934;117;26;152;Batileseiche;x
1935;132;4;23;Clery;x
1936;217;130;2;Coudrelles;x
1937;106;116;144;Bachy;x
1938;24;170;171;Chuelly;x
1939;72;126;189;Givray;x
1940;114;163;240;Vannes;x
1941;3;170;153;Chars;x
1942;211;81;40;Desmontbareau;x
1943;20;119;170;Cravanseaux;x
1944;86;60;96;Combrdonnecy;x
1945;125;113;219;Vigne;x
1946;127;146;133;Corqudevil;x
1947;152;199;251;Chilardond;x
1948;70;227;94;Villescrign;x
1949;24;54;106;Combrailleur;x
1950;5;248;182;Engen;x
1951;246;223;15;Ramourtena;x
1952;133;190;177;Loury;x
1953;42;175;91;Nancry;x
1954;127;63;39;Leouvilly;x
1955;97;173;114;Chate;x
1956;80;245;244;Atray;x
1957;200;44;86;Ercevantvil;x
1958;140;178;87;Ligny;x
1959;145;187;254;Montes;x
1960;74;254;33;Triguiers;x
1961;146;20;79;Seina;x
1962;14;77;88;Kiviseinaja;x
1963;227;121;150;Rutalaarvi;x
1964;175;194;146;Siunttainen;x
1965;94;64;191;Hinka;x
1966;190;38;52;Ruonant;x
1967;151;179;2;Evitsapua;x
1968;235;214;41;Savondi;x
1969;171;52;141;Havumsaluu;x
1970;119;239;184;Nilaitila;x
1971;153;48;194;Ulvilarahti;x
1972;49;183;68;Ojakinenap;x
1973;226;175;141;Tusulasalo;x
1974;64;163;49;Kaupue;x
1975;15;91;68;Oulailjand;x
1976;44;169;71;Tudasjamsa;x
1977;137;204;48;Ulvilepsama;x
1978;154;66;149;Ylike;x
1979;57;174;169;Obnasa;x
1980;120;89;227;Kauninik;x
1981;145;59;151;Aijalajarv;x
1982;72;53;17;Newencham;x
1983;148;164;240;Padstetbure;x
1984;242;139;244;Kuopima;x
1985;232;83;141;Evitskiskmo;x
1986;34;153;46;Vainitskog;x
1987;205;139;37;Harkauskir;x
1988;205;76;41;Kalajarvi;x
1989;132;224;217;Oululaaja;x
1990;239;143;61;Ruotauhava;x
1991;211;220;85;Lepsa;x
1992;201;141;124;Seinaa;x
1993;167;136;205;Alajalaanta;x
1994;113;78;71;Kuresikyla;x
1995;127;203;181;Orsvoltad;x
1996;122;50;33;Holmakken;x
1997;196;85;117;Vidresetso;x
1998;216;105;199;Sormen;x
1999;135;251;94;Fjelaksta;x
2000;154;153;66;Salobentaka;x
2001;106;163;219;Virkumaka;x
2002;54;191;91;Kasna;x
2003;238;80;197;Husuluuraha;x
2004;162;156;28;Iskmo;x
2005;131;129;61;Kouvalima;x
2006;115;6;239;Carlingtre;x
2007;59;35;132;Credighton;x
2008;42;198;172;Durhard;x
2009;223;106;254;Paigngay;x
2010;200;62;239;Portsouthw;x
2011;202;221;116;Uxbrinckle;x
2012;238;134;50;Watcharmou;x
2013;132;220;110;Gramporley;x
2014;83;238;201;Leigham;x
2015;60;38;65;Lymelingtos;x
2016;11;137;134;Helstoth;x
2017;145;46;178;Piltonbeck;x
2018;205;134;27;Watchip;x
2019;148;137;167;Tarporsham;x
2020;41;55;54;Carlingdon;x
2021;84;7;93;Blechboume;x
2022;234;7;249;Hitchitfor;x
2023;120;97;105;Altrinklei;x
2024;52;110;184;Lilpicagan;x
2025;14;13;234;Albenes;x
2026;98;209;135;Zarzueras;x
2027;139;16;103;Cazallana;x
2028;253;246;217;Ocanaga;x
2029;23;183;168;Yuncoriegan;x
2030;9;228;71;Bernilrio;x
2031;242;121;210;Piquelancon;x
2032;221;11;90;Gascuilmal;x
2033;198;243;190;Riofrejasas;x
2034;100;76;190;Viananueva;x
2035;179;205;138;Yunquedada;x
2036;65;52;189;Bernil;x
2037;162;131;93;Taraveras;x
2038;252;10;23;Malpilasaz;x
2039;157;198;226;Veladoteal;x
2040;19;146;184;Manzadrone;x
2041;45;151;219;Veladana;x
2042;217;62;112;Valheda;x
2043;33;85;69;Esplentene;x
2044;163;85;65;Estriegor;x
2045;72;6;34;Galvescalos;x
2046;60;247;179;Esquidalla;x
2047;251;102;17;Boynes;x
2048;153;152;108;Trigury;x
2049;147;29;236;Malesis;x
2050;186;153;65;Mezie;x
2051;219;4;247;Giengy;x
2052;101;180;187;Mellanthimor;x
2053;183;93;42;Court;x
2054;252;171;14;Thign;x
2055;127;20;77;Trigu;x
2056;223;95;104;Bouzy;x
2057;31;104;181;Lombran;x
2058;83;226;28;Aveyrmigny;x
2059;247;254;243;Coulleaune;x
2060;57;107;81;Choux;x
2061;59;29;114;Aveyryleslo;x
2062;57;20;113;Sentenay;x
2063;21;88;193;Chevisdes;x
2064;208;89;53;Gemigy;x
2065;22;187;12;Feins;x
2066;234;107;47;Engenvileans;x
2067;70;94;33;Poileaux;x
2068;211;186;2;Sandisy;x
2069;156;253;234;Foret;x
2070;30;245;250;Aulnauneuf;x
2071;61;238;210;Cortrenvil;x
2072;139;45;116;Orlearsonv;x
2073;41;143;6;Jokikaupuna;x
2074;100;20;182;Maulaanpa;x
2075;200;107;195;Torma;x
2076;248;112;219;Kulauvatsia;x
2077;75;111;145;Nakikaa;x
2078;252;223;42;Hahtari;x
2079;23;193;198;Ylivivesi;x
2080;43;106;157;Kilja;x
2081;181;208;130;Litiorve;x
2082;64;15;203;Tulpyhaja;x
2083;204;160;121;Laiti;x
2084;20;8;148;Kurikerava;x
2085;144;187;103;Turilasalu;x
2086;58;244;173;Onala;x
2087;19;228;243;Porvovinola;x
2088;248;141;251;Ikaijala;x
2089;251;117;90;Nieksampa;x
2090;26;89;79;Ruonanpa;x
2091;230;254;124;Lauriinima;x
2092;85;211;116;Seinavalga;x
2093;224;84;163;Milbon;x
2094;170;210;221;Quatford;x
2095;244;177;221;Mouserton;x
2096;54;63;230;Watcharlow;x
2097;11;22;214;Kauhaplaki;x
2098;86;249;153;Purmo;x
2099;24;149;93;Tamsaasa;x
2100;94;74;64;Aijalieksa;x
2101;152;32;166;Kanka;x
2102;105;31;35;Pertve;x
2103;134;125;230;Hinkala;x
2104;106;155;76;Arapinalalo;x
2105;81;69;249;Viaineni;x
2106;246;124;21;Forskiskio;x
2107;100;23;117;Falufjor;x
2108;230;244;193;Bolgaugane;x
2109;165;254;71;Eyrarbak;x
2110;30;195;37;Storvogen;x
2111;254;254;86;Unariemi;x
2112;211;126;208;Mivesja;x
2113;84;36;62;Sompu;x
2114;27;185;3;Bjorkaupun;x
2115;228;171;50;Kivesioulu;x
2116;166;160;245;Keuruva;x
2117;36;71;134;Bungaunces;x
2118;174;253;13;Wendowargra;x
2119;95;240;87;Watfover;x
2120;114;107;135;Prestongdon;x
2121;21;112;6;Axbringtre;x
2122;51;131;119;Mangdon;x
2123;177;51;31;Seafondon;x
2124;12;227;5;Guildford;x
2125;52;11;34;Kingtone;x
2126;169;126;45;Macastley;x
2127;253;28;64;Dunsthornb;x
2128;58;158;218;Guildgeston;x
2129;44;50;127;Haltorough;x
2130;116;180;140;Watfondover;x
2131;231;118;219;Penzaunces;x
2132;233;43;112;Redclton;x
2133;164;155;113;Aldeancar;x
2134;70;29;109;Masegajane;x
2135;179;181;116;Escameda;x
2136;150;175;241;Illadrone;x
2137;16;43;217;Esplenalve;x
2138;142;75;45;Portigos;x
2139;62;38;208;Somolla;x
2140;153;106;158;Alamenanesa;x
2141;153;41;88;Valhentejo;x
2142;40;133;250;Seseniesto;x
2143;22;72;98;Manza;x
2144;234;168;31;Burgosetile;x
2145;148;218;62;Medrabuenon;x
2146;214;76;79;Yunco;x
2147;43;30;184;Arbanda;x
2148;218;175;20;Santomanon;x
2149;93;72;34;Faveres;x
2150;6;173;91;Sandiseses;x
2151;241;136;156;Vieilliers;x
2152;76;99;50;Cesary;x
2153;86;224;31;Briary;x
2154;71;209;160;Chaletreres;x
2155;23;151;195;Chape;x
2156;183;167;71;Boiscres;x
2157;77;242;217;Briary;x
2158;77;213;191;Patay;x
2159;212;39;228;Menes;x
2160;35;127;48;Chaus;x
2161;32;231;119;Ardony;x
2162;172;231;103;Bouzy;x
2163;184;82;195;Bondaux;x
2164;105;2;141;Nibelleau;x
2165;94;157;254;Brome;x
2166;237;80;169;Beaucharmeux;x
2167;112;142;121;Germiverno;x
2168;74;89;241;Louzonviliard;x
2169;112;55;4;Patay;x
2170;12;173;82;Prefouy;x
2171;59;158;120;Epiedives;x
2172;237;162;104;Chalegardency;x
2173;220;181;157;Chevriareil;x
2174;189;219;39;Vanet;x
2175;74;62;68;Onzerviles;x
2176;74;88;152;Quierdontbouy;x
2177;87;81;12;Pioltalilat;x
2178;229;245;214;Nuvehkapirt;x
2179;32;237;204;Kalajarvi;x
2180;248;100;111;Vantala;x
2181;230;167;190;Lempainen;x
2182;153;136;93;Pudaski;x
2183;66;153;152;Suniainumo;x
2184;146;160;111;Karpa;x
2185;49;95;127;Turenva;x
2186;175;218;107;Sauenokia;x
2187;185;141;188;Susniem;x
2188;119;249;42;Varvilaimio;x
2189;13;240;229;Valgaste;x
2190;59;111;6;Keravi;x
2191;176;97;37;Jokikunde;x
2192;124;174;9;Kokankaahti;x
2193;65;235;206;Oululamalas;x
2194;3;135;23;Vieki;x
2195;110;90;199;Charmendove;x
2196;152;38;6;Westboroug;x
2197;86;244;221;Mitfoume;x
2198;11;50;37;Ormskseydon;x
2199;87;127;96;Laitiihima;x
2200;15;99;51;Ahola;x
2201;139;175;229;Muluuraha;x
2202;42;13;16;Raisiarola;x
2203;135;236;99;Westbretfo;x
2204;72;145;201;Carlifnal;x
2205;160;47;8;Tiverester;x
2206;60;106;88;Aijala;x
2207;235;115;120;Indrenes;x
2208;197;108;247;Strenes;x
2209;8;228;150;Mosfes;x
2210;145;131;87;Breidal;x
2211;81;44;100;Kjerstad;x
2212;41;194;137;Lovunes;x
2213;96;158;218;Hrisen;x
2214;62;215;61;Parolva;x
2215;151;24;22;Tiorvakima;x
2216;98;216;45;Viljalmi;x
2217;25;37;69;Credingnton;x
2218;125;46;233;Clifton;x
2219;147;148;206;Norhaliford;x
2220;132;93;111;Thetford;x
2221;227;10;16;Combeld;x
2222;30;91;9;Frampton;x
2223;245;130;102;Quatford;x
2224;144;112;113;Draxbridg;x
2225;239;154;47;Hitcham;x
2226;169;28;181;Wareheton;x
2227;13;234;92;Bretford;x
2228;74;24;163;Axbripsea;x
2229;200;70;74;Bambury;x
2230;129;98;171;Chichbury;x
2231;19;224;51;Azuqurguil;x
2232;247;46;91;Gerinueva;x
2233;253;199;88;Puebldesote;x
2234;70;151;96;Palma;x
2235;60;33;188;Mondenza;x
2236;15;225;242;Lagarron;x
2237;150;201;119;Ledantiuste;x
2238;42;34;215;Toriba;x
2239;174;74;67;Camar;x
2240;242;123;168;Tordequeque;x
2241;238;84;153;Baideala;x
2242;44;111;237;Calzalpica;x
2243;219;200;240;Mocejon;x
2244;221;205;37;Zaorevilas;x
2245;188;41;252;Cogolasevil;x
2246;104;143;145;Bridleight;x
2247;123;165;117;Ligny;x
2248;13;227;166;Roziermont;x
2249;7;243;37;Cheviereuille;x
2250;176;217;231;Busigny;x
2251;98;185;73;Ruanay;x
2252;210;8;187;Orvileouvi;x
2253;29;217;227;Chateusesis;x
2254;19;26;5;Beaucoquilles;x
2255;185;12;103;Huetreseiche;x
2256;196;127;50;Messieresigny;x
2257;98;69;130;Ervauetreauf;x
2258;26;240;214;Pithiles;x
2259;3;106;35;Combles;x
2260;225;10;121;Grenes;x
2261;216;184;164;Bauleans;x
2262;132;51;77;Chatismora;x
2263;180;207;176;Dordis;x
2264;21;74;13;Combreury;x
2265;64;181;81;Lordies;x
2266;120;79;5;Coligardeuses;x
2267;233;178;211;Mezielnay;x
2268;63;175;115;Patay;x
2269;245;72;234;Dordilles;x
2270;186;74;217;Beauges;x
2271;84;7;31;Givraran;x
2272;219;219;155;Escrery;x
2273;93;145;220;Favergiscom;x
2274;191;176;123;Bretesherb;x
2275;167;105;236;Courcrets;x
2276;230;54;50;Bouilorcea;x
2277;46;92;194;Cercourtem;x
2278;234;208;6;Chevins;x
2279;120;97;165;Seicharmon;x
2280;181;22;53;Nioltsa;x
2281;130;85;34;Littoinepa;x
2282;35;193;237;Lohjaumaa;x
2283;31;244;229;Harjankama;x
2284;13;219;137;Tuvatsarola;x
2285;118;163;203;Roykikylaki;x
2286;118;125;92;Tiorva;x
2287;86;108;218;Evitsa;x
2288;55;239;145;Mataskyla;x
2289;107;192;148;Temela;x
2290;95;237;29;Loima;x
2291;22;45;202;Lauri;x
2292;144;186;63;Kaunikyla;x
2293;58;159;160;Joensamakir;x
2294;48;162;227;Unariitasaa;x
2295;139;191;187;Nivalikesi;x
2296;25;158;3;Antslaste;x
2297;92;108;62;Supunkinsut;x
2298;95;43;245;Kauhalajar;x
2299;92;22;78;Louthather;x
2300;53;254;215;Newenton;x
2301;217;149;106;Bosowenby;x
2302;210;56;130;Piltordbury;x
2303;52;62;80;Cambrmouth;x
2304;97;65;181;Bungamilbor;x
2305;136;75;146;Piltonsey;x
2306;92;99;88;Oakhaxbridg;x
2307;45;231;61;Marlbotford;x
2308;252;103;111;Maldondbury;x
2309;33;131;235;Jioesa;x
2310;42;26;206;Laiti;x
2311;245;27;224;Misvad;x
2312;2;243;166;Indren;x
2313;113;225;84;Landerka;x
2314;144;33;95;Grimselfos;x
2315;102;130;71;Drangravog;x
2316;141;46;191;Vehmavonli;x
2317;235;74;6;Kaunina;x
2318;134;165;219;Ylojaara;x
2319;207;50;165;Narpi;x
2320;141;189;154;Andovery;x
2321;4;55;170;Lympstanst;x
2322;163;73;26;Dudleld;x
2323;36;142;47;Gatondford;x
2324;156;3;230;Hatfildfor;x
2325;228;103;228;Milbongford;x
2326;55;147;118;Blechetfor;x
2327;73;173;82;Marshornbu;x
2328;191;63;109;Craftchet;x
2329;76;47;50;Wartorksey;x
2330;12;160;151;Tetbuth;x
2331;122;244;70;Withester;x
2332;203;96;112;Dunwingdon;x
2333;129;134;161;Siguelmendr;x
2334;91;30;111;Esquiofrio;x
2335;132;58;215;Argeste;x
2336;177;12;82;Penalananar;x
2337;12;195;25;Maquedana;x
2338;94;245;167;Estriba;x
2339;249;180;161;Utandejaron;x
2340;171;125;194;Lucildeanu;x
2341;158;58;49;Valdegura;x
2342;73;29;141;Mirallos;x
2343;245;94;253;Escameron;x
2344;61;230;103;Puerternalo;x
2345;140;122;166;Calzascamil;x
2346;50;55;185;Herasas;x
2347;53;42;15;Albarebola;x
2348;76;159;3;Baidego;x
2349;192;122;141;Quero;x
2350;65;250;132;Molindral;x
2351;29;218;209;Galvedorto;x
2352;149;67;118;Malpirabue;x
2353;205;183;51;Huecarioped;x
2354;36;141;50;Galve;x
2355;198;74;88;Golgis;x
2356;118;217;228;Olyntaponti;x
2357;36;194;46;Strathenaim;x
2358;113;185;128;Orestosacos;x
2359;219;235;184;Brauris;x
2360;156;24;158;Autrux;x
2361;100;154;25;Leouvray;x
2362;129;128;194;Orvilleroy;x
2363;18;79;190;Seichecy;x
2364;213;95;160;Meungent;x
2365;54;92;75;Poseiaponti;x
2366;231;213;66;Mignerellon;x
2367;45;137;120;Mouligny;x
2368;144;102;59;Nicopseira;x
2369;107;39;101;Pithisonchevi;x
2370;174;181;46;Cravauiseau;x
2371;130;198;65;Aubinesherbo;x
2372;177;168;213;Coincrigne;x
2373;14;61;112;Chauscrignvil;x
2374;227;203;190;Aschenay;x
2375;151;2;7;Huissainviers;x
2376;149;29;236;Neuvisy;x
2377;5;125;16;Colignelles;x
2378;158;244;89;Chevrcotourno;x
2379;170;11;155;Solte;x
2380;212;252;195;Chalernon;x
2381;118;159;87;Vitry;x
2382;137;183;61;Otepa;x
2383;39;26;118;Nivalposa;x
2384;223;175;241;Kivivala;x
2385;226;254;150;Laurilarola;x
2386;211;32;157;Pohjaara;x
2387;162;159;122;Lahtiitasa;x
2388;232;70;175;Vehma;x
2389;159;228;29;Otava;x
2390;3;69;170;Oulai;x
2391;150;25;21;Vehmainen;x
2392;70;31;37;Pohja;x
2393;178;46;232;Huite;x
2394;120;147;111;Valke;x
2395;164;209;66;Elvakiisa;x
2396;86;217;234;Porhoisakuk;x
2397;226;183;86;Paraikyla;x
2398;176;159;246;Pieksa;x
2399;51;42;106;Jiogenjoki;x
2400;211;110;245;Hirmulaara;x
2401;126;67;193;Malmi;x
2402;186;118;7;Rajamoesuri;x
2403;233;84;43;Haakisaa;x
2404;202;16;73;Upinasuri;x
2405;96;214;134;Kajamakoski;x
2406;198;101;48;Suone;x
2407;206;62;63;Muvajarvi;x
2408;224;194;71;Pevenaresb;x
2409;216;243;166;Maldonesea;x
2410;46;135;81;Totneridge;x
2411;54;11;228;Mancholeld;x
2412;77;213;93;Bramby;x
2413;105;11;60;Dalton;x
2414;44;138;61;Shifngley;x
2415;109;31;72;Rothborouge;x
2416;71;57;16;Apingh;x
2417;72;68;105;Betlere;x
2418;211;9;239;Porho;x
2419;236;241;73;Orivenkyla;x
2420;168;42;175;Otanmantti;x
2421;4;215;132;Gardandeso;x
2422;61;177;168;Kavosreyki;x
2423;64;165;116;Vogehverfi;x
2424;229;24;11;Lahti;x
2425;181;102;107;Ajarvila;x
2426;71;171;101;Sudurdal;x
2427;6;38;230;Bolgaldvog;x
2428;62;183;139;Lieksa;x
2429;128;146;243;Meviklak;x
2430;167;101;128;Vogardur;x
2431;251;182;57;Fenestrond;x
2432;149;186;61;Maldolton;x
2433;150;55;221;Chawlifton;x
2434;34;116;63;Axbritchin;x
2435;239;102;250;Grantaplet;x
2436;217;89;181;Westborough;x
2437;28;140;37;Leighersto;x
2438;49;149;128;Westbotha;x
2439;101;20;95;Withedon;x
2440;22;10;138;Chilisbur;x
2441;254;47;163;Bidefield;x
2442;79;16;169;Manzalcaud;x
2443;211;5;172;Aldeado;x
2444;198;189;23;Bustado;x
2445;68;77;254;Camarazaleg;x
2446;157;100;3;Rueda;x
2447;11;212;74;Escaleso;x
2448;74;190;65;Siguete;x
2449;114;112;62;Jiruelonil;x
2450;58;157;166;Portita;x
2451;67;219;211;Hertilma;x
2452;119;66;218;Pardonera;x
2453;30;184;122;Olmediela;x
2454;73;198;26;Luzaga;x
2455;117;166;179;Camaralrio;x
2456;184;46;188;Hontanguit;x
2457;208;68;243;Vianadraqu;x
2458;107;51;230;Banos;x
2459;138;118;208;Amphionia;x
2460;110;144;76;Kasmes;x
2461;164;204;94;Eubea;x
2462;207;196;246;Ercevile;x
2463;41;254;179;Lailivetray;x
2464;93;160;151;Thoris;x
2465;27;148;148;Skylaion;x
2466;75;148;56;Juktarea;x
2467;245;15;226;Delpherna;x
2468;10;230;97;Antiontinos;x
2469;46;37;63;Mignesury;x
2470;219;11;56;Vrigndonvinay;x
2471;55;230;71;Louryronchevi;x
2472;247;74;121;Bouzourtena;x
2473;6;55;157;Cernourcely;x
2474;155;165;34;Pithigny;x
2475;158;226;229;Vaneciers;x
2476;188;54;214;Langevry;x
2477;19;210;207;Bonevoyleslo;x
2478;172;240;252;Briares;x
2479;205;114;55;Feins;x
2480;128;148;54;Semoy;x
2481;181;13;239;Ondrenevileux;x
2482;244;67;209;Ferollestouy;x
2483;83;205;164;Bonereteux;x
2484;219;203;146;Coincherolles;x
2485;7;223;125;Feraileseaux;x
2486;155;188;111;Narginestre;x
2487;44;212;198;Chapesenchevi;x
2488;51;251;70;Ladongy;x
2489;162;209;77;Fleuravantes;x
2490;114;188;185;Hamakio;x
2491;135;144;32;Porurikelot;x
2492;207;3;3;Matasenvari;x
2493;184;111;148;Maulaanima;x
2494;10;230;220;Aplari;x
2495;95;50;70;Malmi;x
2496;53;236;97;Jarveinola;x
2497;119;202;230;Oulusasanta;x
2498;182;118;201;Hame;x
2499;137;176;63;Vehmaidenva;x
2500;168;105;213;Paskinen;x
2501;75;164;122;Rovankyla;x
2502;17;234;106;Tulajoki;x
2503;104;52;164;Otepanta;x
2504;100;92;7;Pieksteksa;x
2505;32;130;117;Kolhonenjo;x
2506;149;73;32;Emasastvet;x
2507;83;112;74;Miois;x
2508;185;248;27;Klaukylmal;x
2509;128;48;143;Ahlaioesuen;x
2510;21;244;49;Rakveksama;x
2511;11;84;58;Hornblechi;x
2512;13;107;110;Altrineton;x
2513;46;213;133;Newbingtong;x
2514;185;206;16;Newbusth;x
2515;90;6;30;Hornboroug;x
2516;143;240;173;Wodbury;x
2517;73;76;115;Tamerlboro;x
2518;151;81;29;Thetfordge;x
2519;245;99;38;Launcombe;x
2520;21;36;89;Padston;x
2521;225;181;149;Kirbympsto;x
2522;158;221;175;Altrinedon;x
2523;250;71;181;Hyrylaumant;x
2524;51;82;240;Paroli;x
2525;17;56;198;Lahtiki;x
2526;153;63;195;Kiljankaki;x
2527;107;72;116;Pertalahtu;x
2528;236;185;250;Paldi;x
2529;28;71;213;Kolhohja;x
2530;26;91;101;Rasarilat;x
2531;238;211;180;Mantula;x
2532;4;221;124;Paiminkabo;x
2533;2;176;122;Berdey;x
2534;66;184;28;Shoreaford;x
2535;11;189;67;Knared;x
2536;45;7;128;Hornbridli;x
2537;119;89;121;Clithamber;x
2538;164;70;78;Feltodbury;x
2539;137;239;11;Charmontac;x
2540;189;45;178;Retfornbur;x
2541;107;206;225;Dymocombe;x
2542;157;161;216;Wiscombea;x
2543;191;231;96;Oropestola;x
2544;94;225;176;Navasopedro;x
2545;44;223;92;Valventura;x
2546;48;60;62;Fuens;x
2547;160;63;234;Mirabrados;x
2548;129;210;138;Ajofretamos;x
2549;211;14;126;Urdadenanar;x
2550;245;126;241;Cerveranda;x
2551;151;83;119;Driebancona;x
2552;78;247;234;Lilvezuquec;x
2553;174;96;184;Anguillana;x
2554;244;94;137;Valvedranda;x
2555;215;19;7;Alcauevo;x
2556;65;148;29;Jirue;x
2557;219;47;193;Nunolea;x
2558;4;150;176;Delosos;x
2559;185;57;74;Trolistos;x
2560;154;159;205;Histrgipia;x
2561;195;169;187;Pegaia;x
2562;60;24;24;Pithephyris;x
2563;15;253;103;Boiscrevilers;x
2564;15;5;232;Chain;x
2565;15;189;9;Escrin;x
2566;12;226;171;Mardis;x
2567;33;177;248;Potieresasoy;x
2568;224;194;233;Seichevil;x
2569;95;165;88;Chatevoy;x
2570;38;93;21;Boiscray;x
2571;180;87;232;Cernoyerscoux;x
2572;138;163;158;Bonsolter;x
2573;174;134;253;Males;x
2574;31;207;136;Montazoche;x
2575;221;183;126;Lewesingst;x
2576;69;215;21;Nikoskiemi;x
2577;23;204;25;Rajam;x
2578;163;239;154;Ylivi;x
2579;203;43;218;Jungsakula;x
2580;6;125;238;Sompu;x
2581;218;52;104;Tiorvant;x
2582;80;216;24;Hetarisuosa;x
2583;235;134;147;Tumakijarvi;x
2584;181;217;166;Kurikaja;x
2585;20;150;47;Malmiitasal;x
2586;51;203;19;Lempaksyla;x
2587;48;118;186;Itakovskog;x
2588;204;209;131;Kundankyla;x
2589;143;139;75;Munapaidel;x
2590;107;20;29;Kingthead;x
2591;212;123;5;Congley;x
2592;144;74;187;Vilparain;x
2593;158;242;211;Lohjasenva;x
2594;9;15;169;Manttijar;x
2595;200;189;208;Harjajamaki;x
2596;96;80;97;Liedahlain;x
2597;15;109;107;Kokemukyla;x
2598;116;101;232;Hatfignton;x
2599;241;197;107;Wargrd;x
2600;118;151;107;Portsaltas;x
2601;173;135;119;Stansey;x
2602;29;173;237;Buckinckle;x
2603;151;98;230;Saltakhame;x
2604;83;78;70;Brutordge;x
2605;151;6;219;Knarer;x
2606;220;74;79;Northam;x
2607;201;40;80;Dunwiscomb;x
2608;112;138;130;Lenolvieri;x
2609;242;223;70;Syrjahti;x
2610;34;103;89;Sherstonel;x
2611;246;169;178;Tarpon;x
2612;128;57;177;Marshorsha;x
2613;234;184;158;Wiganos;x
2614;30;178;253;Manedon;x
2615;134;150;139;Charmersha;x
2616;32;32;160;Blechinby;x
2617;15;88;191;Westchawle;x
2618;214;177;48;Salisfield;x
2619;33;183;46;Withashboul;x
2620;71;105;164;Framporley;x
2621;86;86;4;Dunsthetfon;x
2622;100;10;217;Palmarrejon;x
2623;157;210;99;Aldealegas;x
2624;110;207;241;Penala;x
2625;152;244;220;Megintanar;x
2626;179;23;46;Cazallalmal;x
2627;50;232;113;Ledandil;x
2628;58;93;17;Solanes;x
2629;19;213;171;Maganes;x
2630;223;135;87;Calza;x
2631;140;195;44;Anguinches;x
2632;86;19;74;Hontauca;x
2633;124;131;27;Selas;x
2634;201;77;145;Cardiganos;x
2635;137;132;139;Smyrna;x
2636;247;137;229;Tylis;x
2637;152;252;105;Kameios;x
2638;117;111;159;Pyrgos;x
2639;223;228;187;Argos;x
2640;15;83;58;Kimorgan;x
2641;39;145;217;Alalis;x
2642;148;207;143;Morvignes;x
2643;219;236;246;Chatesdeses;x
2644;151;185;54;Tavereteau;x
2645;202;158;29;Lorcy;x
2646;217;102;113;Zarayagnia;x
2647;210;61;233;Ostereyasl;x
2648;164;168;42;Romnyzhsk;x
2649;191;219;117;Blechambe;x
2650;86;251;59;Paide;x
2651;122;6;83;Kauhasjarv;x
2652;22;26;206;Antsla;x
2653;219;34;37;Hirmunkinen;x
2654;139;115;10;Utaulajoki;x
2655;109;154;168;Forsi;x
2656;187;57;17;Malmi;x
2657;131;67;174;Pioltormas;x
2658;149;75;143;Vajandisio;x
2659;252;217;233;Joensaki;x
2660;24;169;5;Kivesi;x
2661;175;178;200;Kiljamaki;x
2662;55;93;230;Rakve;x
2663;7;215;200;Narpi;x
2664;32;109;98;Torni;x
2665;59;50;53;Stanstow;x
2666;130;169;84;Cliftintage;x
2667;157;25;8;Cudeley;x
2668;69;200;233;Penrield;x
2669;88;28;28;Castlandfo;x
2670;48;160;108;Tetbury;x
2671;102;224;243;Castleigh;x
2672;38;231;198;Totnenley;x
2673;11;157;7;Seafon;x
2674;96;128;111;Credingdon;x
2675;156;190;99;Dunwiford;x
2676;72;90;106;Heytenzanck;x
2677;93;124;187;Berdenrith;x
2678;244;170;90;Blecharbot;x
2679;59;219;194;Torksted;x
2680;158;84;242;Bambury;x
2681;223;254;221;Solihead;x
2682;89;40;236;Marcemianono;x
2683;253;167;72;Ciciladisp;x
2684;43;205;193;Civitelcina;x
2685;175;156;67;Pianscatiano;x
2686;87;177;93;Pignanontero;x
2687;23;180;105;Tutbugholme;x
2688;223;32;39;Launcliford;x
2689;192;70;32;Tamerdenbe;x
2690;139;141;216;Boroudover;x
2691;102;152;22;Granton;x
2692;208;181;96;Kilkhalton;x
2693;128;185;81;Midhutholme;x
2694;88;25;52;Abinge;x
2695;168;69;53;Feltothwele;x
2696;180;199;131;Almongdony;x
2697;20;78;84;Shoredge;x
2698;180;105;32;Knareravea;x
2699;26;137;158;Cantedhurst;x
2700;71;104;208;Salisehole;x
2701;3;137;105;Bideford;x
2702;159;184;183;Iruescuena;x
2703;154;100;43;Trilosanes;x
2704;140;217;123;Iniesiguen;x
2705;242;97;74;Trilcaniz;x
2706;139;244;42;Fuens;x
2707;85;83;80;Romanilpica;x
2708;201;197;108;Arges;x
2709;111;31;58;Orgaza;x
2710;106;78;54;Moratuera;x
2711;136;13;252;Alcautande;x
2712;79;24;115;Luzagoradar;x
2713;111;85;157;Aruelas;x
2714;207;242;231;Pardo;x
2715;150;158;118;Lampsurakos;x
2716;26;127;7;Traguromena;x
2717;4;141;162;Amphisozopo;x
2718;58;69;74;Tomis;x
2719;219;45;17;Rizin;x
2720;26;215;193;Halicearc;x
2721;156;181;51;Amaseai;x
2722;45;210;73;Naucrytos;x
2723;54;162;62;Iasosos;x
2724;253;133;250;Palaiparos;x
2725;195;93;220;Lamia;x
2726;228;251;178;Belyiavin;x
2727;96;25;244;Derevyatic;x
2728;150;40;239;Mosalilai;x
2729;160;227;139;Obolenskan;x
2730;185;238;17;Zvenin;x
2731;34;152;153;Romnyshon;x
2732;60;156;177;Kauva;x
2733;85;70;106;Alaja;x
2734;188;249;72;Esionkabola;x
2735;151;154;226;Ojakoby;x
2736;103;78;250;Rajaminuv;x
2737;222;210;207;Nilsisalo;x
2738;120;80;153;Temasmuki;x
2739;36;216;249;Oulutio;x
2740;126;14;10;Mustva;x
2741;32;14;190;Nuorga;x
2742;100;150;203;Pyhajarvi;x
2743;35;110;202;Kaski;x
2744;40;198;91;Tameredony;x
2745;107;188;182;Dymocambri;x
2746;120;91;220;Redcldon;x
2747;245;15;34;Mereching;x
2748;43;164;209;Oswesham;x
2749;243;57;149;Lympskipto;x
2750;44;156;36;Wigmonmouth;x
2751;151;218;65;Torksbury;x
2752;136;117;146;Peterd;x
2753;67;11;164;Salister;x
2754;23;244;207;Thatclesfi;x
2755;227;67;45;Knarewent;x
2756;50;199;173;Westburton;x
2757;59;189;205;Credigan;x
2758;129;52;164;Axbringley;x
2759;45;251;95;Bodmitongin;x
2760;75;179;60;Casalnuovo;x
2761;86;63;64;Segnina;x
2762;211;82;134;Riofrotefrat;x
2763;11;64;158;Capracischia;x
2764;56;242;46;Liceno;x
2765;178;248;200;Brocchianero;x
2766;208;128;152;Hornbretfon;x
2767;182;151;204;Redclborou;x
2768;24;146;224;Axbridhurst;x
2769;179;32;165;Clifthole;x
2770;130;133;12;Credif;x
2771;23;189;76;Cleobridge;x
2772;90;161;125;Ashbowcest;x
2773;33;189;187;Kinetutbur;x
2774;13;114;236;Binglokbu;x
2775;72;15;64;Rothbury;x
2776;187;134;52;Daltorney;x
2777;179;158;29;Gramping;x
2778;19;206;145;Withamitfor;x
2779;135;13;99;Watfouthwa;x
2780;11;161;242;Ocanamosona;x
2781;237;39;42;Heranalona;x
2782;54;232;102;Jiruenaven;x
2783;86;133;208;Estabar;x
2784;96;114;121;Portirueste;x
2785;247;25;235;Riofrtillas;x
2786;73;126;133;Cinco;x
2787;74;23;82;Magan;x
2788;132;195;222;Ocanascuen;x
2789;157;107;224;Totanumanc;x
2790;188;241;240;Rebolverona;x
2791;25;27;118;Tierzarzue;x
2792;250;2;130;Sparthuri;x
2793;244;50;244;Sicyosmenai;x
2794;116;170;133;Myrege;x
2795;121;180;64;Methuthern;x
2796;227;254;203;Stymparos;x
2797;182;218;37;Theodon;x
2798;70;127;142;Thermnos;x
2799;191;56;248;Egeum;x
2800;21;109;120;Argyriaros;x
2801;72;56;233;Myrabdera;x
2802;228;119;137;Morgaionion;x
2803;156;118;54;Poseidauro;x
2804;48;124;229;Kasmethra;x
2805;181;231;93;Thurithymna;x
2806;46;3;95;Emporizini;x
2807;56;105;20;Bratshlch;x
2808;114;26;181;Putivlov;x
2809;16;199;106;Kulatsk;x
2810;132;94;46;Roman;x
2811;242;246;124;Melechsk;x
2812;191;25;190;Belyiatin;x
2813;241;106;115;Torcheremo;x
2814;39;101;246;Mikitsk;x
2815;61;122;163;Opokik;x
2816;86;176;67;Belyicha;x
2817;47;97;193;Korsunov;x
2818;31;232;204;Peremstisl;x
2819;238;204;186;Mednizazh;x
2820;215;211;253;Vasil;x
2821;208;240;244;Raumamala;x
2822;75;195;23;Torma;x
2823;197;107;246;Ariotanma;x
2824;114;49;140;Alajamsalu;x
2825;87;74;120;Jarve;x
2826;164;129;41;Raplankyla;x
2827;116;231;214;Temakinenik;x
2828;31;8;127;Lempa;x
2829;65;137;23;Karkamsaksy;x
2830;234;181;123;Monteriagni;x
2831;132;198;240;Conglewich;x
2832;145;16;121;Hinckeley;x
2833;138;111;173;Burtongham;x
2834;43;34;69;Kilkham;x
2835;146;252;224;Soliham;x
2836;183;174;214;Torkshfiel;x
2837;106;137;247;Tintar;x
2838;91;251;33;Southampton;x
2839;218;159;185;Malbonstabl;x
2840;175;214;200;Holmester;x
2841;166;67;197;Bothisburd;x
2842;76;235;196;Ashboney;x
2843;174;78;165;Salistable;x
2844;202;57;65;Daltongdon;x
2845;33;152;31;Leighiches;x
2846;136;166;73;Carbondata;x
2847;86;172;193;Sutritorgola;x
2848;79;26;90;Ponzanguilci;x
2849;28;53;43;Bagno;x
2850;198;252;4;Spigntasol;x
2851;68;42;29;Capra;x
2852;141;239;201;Prive;x
2853;82;58;193;Viterolo;x
2854;101;91;108;Craftery;x
2855;179;9;146;Bingltrinc;x
2856;138;203;52;Brampresto;x
2857;236;173;254;Paigntoner;x
2858;113;69;173;Tutbuthwar;x
2859;82;5;116;Maldondbur;x
2860;107;83;85;Exningletos;x
2861;241;13;190;Malagas;x
2862;209;231;23;Ontigaral;x
2863;54;58;85;Tortomanil;x
2864;228;252;123;Sesenilsazo;x
2865;62;230;8;Quintanar;x
2866;121;92;13;Sevilvez;x
2867;215;54;122;Cuervila;x
2868;116;34;109;Solanazo;x
2869;45;216;205;Oterorada;x
2870;191;233;60;Vianargos;x
2871;209;186;197;Oterolada;x
2872;2;113;30;Banos;x
2873;56;41;29;Illariebes;x
2874;171;67;135;Escalavilla;x
2875;206;236;73;Thasosalami;x
2876;75;135;68;Pagas;x
2877;62;212;159;Nymphinion;x
2878;56;248;167;Braurikon;x
2879;180;188;216;Myostagiros;x
2880;180;192;191;Rhithocea;x
2881;153;225;151;Artema;x
2882;201;205;247;Tomisurakos;x
2883;48;47;223;Pylosmenai;x
2884;230;34;160;Kameicopol;x
2885;46;207;133;Chiosalami;x
2886;123;60;157;Hiera;x
2887;228;154;147;Amphia;x
2888;123;120;123;Mulais;x
2889;5;155;104;Vyshgoroho;x
2890;159;253;144;Zubkoster;x
2891;196;145;175;Melecavesk;x
2892;106;30;108;Velilsk;x
2893;185;3;88;Sinechevo;x
2894;188;9;66;Teshilovec;x
2895;240;3;19;Loshitsa;x
2896;117;127;30;Galichev;x
2897;224;220;30;Milos;x
2898;68;139;120;Romanyvan;x
2899;172;191;71;Peres;x
2900;152;207;49;Meshkovyla;x
2901;46;165;193;Lubnoversk;x
2902;87;85;180;Loshedev;x
2903;63;21;193;Ternoviny;x
2904;158;238;174;Nemechersk;x
2905;6;189;125;Chemechev;x
2906;247;203;79;Nichav;x
2907;91;244;2;Kremelskoe;x
2908;61;178;203;Mtsenigoro;x
2909;178;247;81;Mologosko;x
2910;121;173;4;Turovolodi;x
2911;230;173;19;Bryan;x
2912;163;158;48;Belgoderev;x
2913;46;43;180;Bereschers;x
2914;102;195;233;Jiogeksa;x
2915;47;74;239;Vehkaineni;x
2916;163;13;225;Hinkaa;x
2917;173;58;32;Roykoskioki;x
2918;85;87;92;Perevsk;x
2919;211;26;50;Wodbury;x
2920;30;112;195;Hame;x
2921;66;252;235;Kehra;x
2922;95;165;211;Supinsano;x
2923;241;115;220;Vicovoraco;x
2924;135;155;244;Palomonte;x
2925;10;33;53;Supinzio;x
2926;150;21;98;Vignanticac;x
2927;239;67;39;Castiglian;x
2928;170;174;66;Wiveley;x
2929;38;18;195;Modbury;x
2930;8;2;135;Bridlingt;x
2931;144;128;217;Haydordon;x
2932;202;236;88;Penringham;x
2933;42;31;108;Brampstone;x
2934;244;142;106;Haydobury;x
2935;114;113;130;Altrilkham;x
2936;187;142;135;Harlontefra;x
2937;252;248;126;Oswescombe;x
2938;66;113;161;Penrinton;x
2939;170;225;180;Kinveton;x
2940;2;201;143;Penknchels;x
2941;31;211;25;Feltondal;x
2942;71;19;4;Arcinteros;x
2943;190;103;231;Alatrica;x
2944;147;138;219;Ciampietrano;x
2945;104;215;124;Casallo;x
2946;50;26;198;Acqua;x
2947;172;95;192;Giulinio;x
2948;134;78;105;Ciamponzano;x
2949;175;105;161;Fondi;x
2950;220;168;205;Ausontana;x
2951;186;23;8;Hornbetley;x
2952;214;63;233;Penzaxbrid;x
2953;113;106;228;Ormskipton;x
2954;17;197;152;Penzansted;x
2955;104;171;19;Weymorough;x
2956;91;215;45;Dunston;x
2957;216;238;172;Crafton;x
2958;71;178;152;Milbowleigh;x
2959;7;34;34;Bidefeltone;x
2960;167;101;57;Cervera;x
2961;218;119;7;Cifuera;x
2962;254;51;84;Quintejon;x
2963;25;113;211;Algortarde;x
2964;249;29;150;Milethyria;x
2965;67;176;241;Epidadanos;x
2966;245;54;157;Niceliopon;x
2967;206;197;97;Magneiege;x
2968;36;237;143;Potidontion;x
2969;213;80;223;Peirelion;x
2970;12;129;141;Laodi;x
2971;83;124;70;Leibefkada;x
2972;25;49;149;Megarmara;x
2973;234;216;172;Thurilea;x
2974;10;249;58;Lamiameiro;x
2975;156;181;214;Phaismyrnas;x
2976;102;8;53;Magnenaiton;x
2977;36;164;64;Nicha;x
2978;231;120;109;Chechailov;x
2979;171;31;41;Skala;x
2980;104;73;133;Omelnemech;x
2981;113;231;61;Mdinia;x
2982;132;195;178;Volod;x
2983;185;62;152;Sneporeshe;x
2984;229;93;241;Drokovyla;x
2985;65;56;224;Mtsensk;x
2986;152;242;93;Chemev;x
2987;179;92;63;Vorots;x
2988;239;131;152;Karachevov;x
2989;186;210;87;Miloskin;x
2990;253;126;205;Venichin;x
2991;224;231;236;Perelovost;x
2992;112;214;106;Gorosh;x
2993;70;182;115;Kulatska;x
2994;228;116;185;Dubechev;x
2995;226;92;109;Witheby;x
2996;162;121;122;Klyaputivl;x
2997;98;177;198;Hatskoga;x
2998;117;161;44;Jarvenjoki;x
2999;96;122;246;Naporva;x
3000;98;44;198;Kehra;x
3001;169;33;230;Casalombaras;x
3002;227;254;65;Vigna;x
3003;208;236;193;Conce;x
3004;133;128;252;Valendentel;x
3005;204;118;135;Arsoli;x
3006;32;50;175;Roviania;x
3007;144;34;28;Castealeri;x
3008;223;205;213;Colonzarnese;x
3009;28;235;148;Godmampton;x
3010;67;105;243;Cambredito;x
3011;138;45;111;Boscalmond;x
3012;100;210;113;Hertfnal;x
3013;62;57;59;Bridgford;x
3014;38;168;123;Tamergh;x
3015;9;45;52;Tamering;x
3016;137;241;223;Braston;x
3017;81;242;70;Baldorough;x
3018;177;13;124;Maceston;x
3019;109;77;59;Holmey;x
3020;221;235;182;Apseacharmo;x
3021;55;220;29;Uxbripton;x
3022;248;103;252;Marazancey;x
3023;87;124;80;Oakhargrav;x
3024;177;190;120;Newenutsfo;x
3025;85;119;198;Cudymock;x
3026;76;5;91;Tutbuthwar;x
3027;50;178;113;Cerdorosec;x
3028;59;60;225;Vetrallolono;x
3029;143;94;152;Santi;x
3030;144;226;67;Vicaliano;x
3031;239;69;33;Getarolosta;x
3032;108;93;168;Nerolianono;x
3033;188;205;100;Tuscano;x
3034;64;215;142;Soriateta;x
3035;146;83;124;Cliforden;x
3036;192;134;67;Credildford;x
3037;55;69;47;Penzamerto;x
3038;143;224;154;Somerewbury;x
3039;51;4;173;Betlewent;x
3040;146;184;95;Bambury;x
3041;139;123;87;Prado;x
3042;60;26;50;Pharos;x
3043;194;22;112;Eleusaip;x
3044;206;189;71;Myrme;x
3045;228;73;45;Acharia;x
3046;234;150;28;Strathebai;x
3047;176;134;35;Olymphalos;x
3048;91;188;31;Tyrossos;x
3049;231;244;193;Thespia;x
3050;44;181;245;Throntina;x
3051;88;246;56;Rhamndria;x
3052;235;150;36;Acharian;x
3053;121;209;36;Romnye;x
3054;69;123;81;Chetvinets;x
3055;100;196;214;Berezelsk;x
3056;125;65;48;Kavarylsk;x
3057;127;33;132;Opokavanev;x
3058;102;13;149;Koshk;x
3059;168;32;162;Lubutslav;x
3060;106;242;214;Kursk;x
3061;88;32;92;Svinemil;x
3062;120;3;55;Droko;x
3063;64;250;100;Torzh;x
3064;159;121;150;Krichesk;x
3065;69;55;53;Zubkov;x
3066;159;187;226;Mereturov;x
3067;209;202;245;Pererogobu;x
3068;184;145;210;Turovorono;x
3069;204;34;69;Mezetska;x
3070;147;130;61;Snepovsk;x
3071;58;126;118;Tripogilev;x
3072;197;227;140;Gorvavinsk;x
3073;154;115;214;Loshin;x
3074;127;13;194;Kanevsk;x
3075;22;252;45;Sokoluki;x
3076;230;252;111;Lubechesk;x
3077;242;12;236;Sokolovyla;x
3078;228;219;141;Byhovarna;x
3079;165;52;72;Loshereya;x
3080;43;166;112;Yaropolch;x
3081;125;138;37;Ostromelye;x
3082;100;122;205;Milos;x
3083;111;139;137;Viazmechl;x
3084;138;180;47;Casaliano;x
3085;200;138;165;Montese;x
3086;116;238;48;Salisorac;x
3087;84;134;96;Sermoliulian;x
3088;74;42;43;Colioner;x
3089;93;233;194;Orfory;x
3090;187;31;89;Maldodbro;x
3091;83;237;27;Quatford;x
3092;21;221;103;Witharshfi;x
3093;93;90;40;Flokleigh;x
3094;86;220;216;Birmintefra;x
3095;41;4;141;Wodbury;x
3096;70;202;22;Mangtonedon;x
3097;124;154;77;Chilewich;x
3098;58;148;131;Brambeck;x
3099;183;185;142;Marsheytes;x
3100;165;228;3;Thaxtedock;x
3101;231;60;146;Dymocham;x
3102;24;232;96;Ponteld;x
3103;104;53;87;Paganolerano;x
3104;136;219;77;Marinone;x
3105;64;26;197;Fiami;x
3106;230;75;86;Sutrice;x
3107;113;144;196;Monte;x
3108;164;222;69;Amatri;x
3109;134;125;56;Montalenta;x
3110;136;68;2;Selciatevi;x
3111;103;203;130;Vallegra;x
3112;244;48;164;Saliscania;x
3113;55;109;79;Citurnomarzo;x
3114;24;104;9;Brocotrevig;x
3115;179;16;236;Southatherd;x
3116;39;114;94;Tameridge;x
3117;167;215;232;Burtouth;x
3118;142;62;214;Modbuth;x
3119;214;194;245;Stoton;x
3120;202;169;134;Oncheusis;x
3121;29;34;196;Megarta;x
3122;87;8;179;Phili;x
3123;240;29;78;Thuris;x
3124;158;102;156;Laodisamos;x
3125;172;195;178;Leben;x
3126;166;163;69;Pagas;x
3127;243;239;228;Pseirisos;x
3128;154;205;65;Naupleos;x
3129;246;141;240;Akrotos;x
3130;43;45;198;Nympherma;x
3131;144;251;18;Bozhechesk;x
3132;145;134;38;Volok;x
3133;197;16;61;Mikuloshic;x
3134;21;118;36;Serpernits;x
3135;175;36;152;Lukilovec;x
3136;242;65;59;Chernik;x
3137;51;130;40;Osechecher;x
3138;241;232;22;Izhestarod;x
3139;112;125;151;Opokicha;x
3140;97;151;171;Yaroplesa;x
3141;11;245;253;Korochi;x
3142;108;138;228;Gorod;x
3143;238;26;105;Iloveva;x
3144;110;35;57;Sokolovets;x
3145;27;191;13;Nemecherno;x
3146;72;141;73;Chernsk;x
3147;201;158;82;Kanevolok;x
3148;20;8;57;Mosalgorod;x
3149;8;146;81;Meretinska;x
3150;36;92;144;Rosla;x
3151;202;163;10;Voloklyape;x
3152;177;142;160;Turonich;x
3153;23;230;27;Torzhersk;x
3154;140;203;216;Gorodorogo;x
3155;246;110;176;Turisov;x
3156;119;221;238;Logosa;x
3157;43;191;117;Karach;x
3158;222;185;132;Grado;x
3159;193;180;225;Fiamicergola;x
3160;116;247;2;Basanzio;x
3161;245;37;146;Coriedimo;x
3162;31;103;63;Credingdon;x
3163;95;86;211;Abingerbury;x
3164;216;19;150;Andover;x
3165;41;40;130;Colestot;x
3166;237;48;125;Gatested;x
3167;47;43;109;Atherdmouth;x
3168;186;171;79;Mousery;x
3169;84;196;155;Dunsted;x
3170;227;224;213;Labicelforto;x
3171;201;79;33;Marce;x
3172;188;108;8;Arpinetarolo;x
3173;72;164;139;Poliano;x
3174;183;37;181;Cotalto;x
3175;208;220;20;Ladisola;x
3176;166;254;178;Zagaricilia;x
3177;145;216;4;Brutouth;x
3178;239;55;4;Launckley;x
3179;174;114;188;Charmanche;x
3180;101;146;120;Paigney;x
3181;49;241;26;Exninington;x
3182;123;243;30;Causinsey;x
3183;10;123;95;Mousetford;x
3184;225;36;7;Harlockerm;x
3185;129;4;172;Lapithespi;x
3186;152;16;155;Dodontion;x
3187;30;125;179;Abderganti;x
3188;13;93;217;Teosozopos;x
3189;116;142;25;Elaterna;x
3190;2;231;154;Lamps;x
3191;12;28;31;Sparthenai;x
3192;30;222;88;Himeroneie;x
3193;88;11;186;Brauricos;x
3194;156;128;132;Samos;x
3195;184;169;67;Rhamndos;x
3196;192;216;188;Kolyvenigo;x
3197;176;185;61;Perevertni;x
3198;180;21;87;Polot;x
3199;58;69;124;Rechiy;x
3200;65;115;175;Peremikiti;x
3201;36;200;236;Pronsk;x
3202;138;16;170;Toropolch;x
3203;55;63;134;Gomiyvan;x
3204;36;154;173;Vyatk;x
3205;193;245;176;Luchino;x
3206;106;129;201;Pereyatich;x
3207;177;3;199;Mglinetsk;x
3208;195;114;166;Belyizbors;x
3209;121;232;248;Perelsk;x
3210;234;170;98;Rshanov;x
3211;234;30;10;Perevoino;x
3212;254;174;45;Rodnosalsk;x
3213;211;82;76;Toropereya;x
3214;232;148;137;Omelnitsa;x
3215;37;77;211;Yasensk;x
3216;64;90;39;Olgovasilk;x
3217;248;113;231;Bobruche;x
3218;88;139;98;Nemechev;x
3219;202;110;174;Novgovrev;x
3220;128;74;252;Mihain;x
3221;243;86;82;Voron;x
3222;20;248;48;Obolezetsk;x
3223;128;129;151;Gorys;x
3224;143;232;119;Tarqubriano;x
3225;82;202;23;Velleseno;x
3226;175;17;144;Sutriatese;x
3227;221;87;106;Rivodoco;x
3228;9;200;94;Paignewent;x
3229;248;203;74;Hinckipton;x
3230;51;101;84;Chisbirmin;x
3231;124;64;240;Harbonley;x
3232;160;90;218;Piedinotela;x
3233;228;20;7;Fumonfigni;x
3234;141;148;49;Anticelina;x
3235;195;147;107;Vicalionel;x
3236;163;196;60;Treviciliano;x
3237;86;65;138;Alatrracinia;x
3238;145;78;214;Feltontefra;x
3239;188;18;44;Atherd;x
3240;163;129;116;Guildalton;x
3241;228;157;195;Wartonewes;x
3242;179;82;233;Ormskenilw;x
3243;186;64;146;Belvias;x
3244;154;154;211;Leighead;x
3245;143;153;209;Yebrastiln;x
3246;3;175;249;Tylissarta;x
3247;194;55;92;Egeneia;x
3248;81;20;181;Leiberonai;x
3249;187;225;67;Nicelos;x
3250;47;61;128;Iasos;x
3251;129;207;207;Dicethra;x
3252;176;127;183;Palaiapolis;x
3253;128;105;70;Ialys;x
3254;135;70;72;Phais;x
3255;185;32;127;Karis;x
3256;51;254;132;Bratsk;x
3257;107;102;84;Zudechen;x
3258;33;35;179;Zaraya;x
3259;23;63;154;Loshensk;x
3260;63;92;178;Kopyla;x
3261;150;232;196;Pereyshgor;x
3262;37;224;254;Olesh;x
3263;207;99;39;Skala;x
3264;16;57;102;Korechev;x
3265;206;122;191;Stepavin;x
3266;77;112;75;Zaraysk;x
3267;49;179;212;Devya;x
3268;89;113;108;Svislecha;x
3269;226;72;160;Kozeloshic;x
3270;190;45;196;Bryania;x
3271;241;111;74;Voinovsk;x
3272;120;207;253;Mtsenemiza;x
3273;154;247;39;Poloter;x
3274;183;149;249;Veniche;x
3275;220;26;131;Olgoversk;x
3276;44;126;43;Rshazmavin;x
3277;13;59;55;Lvovelil;x
3278;240;130;204;Paliataro;x
3279;172;218;48;Vignano;x
3280;55;143;111;Acutocolon;x
3281;80;200;111;Torgola;x
3282;42;67;122;Rovia;x
3283;53;103;122;Pianscandroc;x
3284;125;158;187;Pigliofredo;x
3285;213;150;91;Norma;x
3286;189;123;134;Nesporlupo;x
3287;189;142;12;Alatrtesteli;x
3288;226;17;51;Formiciliano;x
3289;88;88;224;Fondignane;x
3290;245;104;98;Montenelonga;x
3291;111;49;52;Civiteralat;x
3292;188;11;129;Fonte;x
3293;202;253;159;Fiugeta;x
3294;148;129;219;Calcaro;x
3295;70;173;80;Bartontefr;x
3296;191;18;58;Hormioratil;x
3297;248;65;69;Esquillos;x
3298;53;190;88;Cervetedes;x
3299;99;229;180;Valvespinos;x
3300;119;130;130;Talavasemil;x
3301;217;62;136;Estrinchar;x
3302;231;56;223;Morencar;x
3303;215;53;124;Alcaueda;x
3304;80;200;91;Tortoropes;x
3305;215;3;46;Palaia;x
3306;253;220;18;Aphidelphi;x
3307;146;81;229;Zakrosaia;x
3308;202;205;251;Iasos;x
3309;134;17;150;Nicopisa;x
3310;133;209;172;Apamearchi;x
3311;186;129;186;Megalamis;x
3312;192;207;3;Amphi;x
3313;138;176;64;Lamiasmena;x
3314;38;170;92;Artemekion;x
3315;189;169;166;Chalchros;x
3316;69;239;70;Tanagamona;x
3317;82;55;107;Artemenion;x
3318;251;194;242;Vasil;x
3319;237;20;6;Belzholvai;x
3320;122;40;116;Murav;x
3321;136;215;96;Korechersk;x
3322;25;78;15;Cherts;x
3323;194;176;49;Hotinsk;x
3324;112;137;218;Chechlgov;x
3325;249;24;5;Rzhav;x
3326;166;4;146;Osechlsk;x
3327;27;20;35;Sizhk;x
3328;10;9;177;Beloberezh;x
3329;118;60;150;Dorogorodo;x
3330;105;188;7;Kovylavl;x
3331;145;202;26;Ashbovil;x
3332;145;252;246;Zudecherno;x
3333;88;34;73;Cherlonets;x
3334;132;99;24;Bagnomarzoco;x
3335;58;152;118;Anticoroceno;x
3336;204;234;162;Cantanoliano;x
3337;135;30;91;Cottarea;x
3338;101;181;146;Frosi;x
3339;188;152;90;Sutriano;x
3340;233;135;232;Rocellelese;x
3341;238;51;131;Viticivitez;x
3342;104;89;206;Normagniate;x
3343;253;200;240;Palomerata;x
3344;42;78;166;Colianono;x
3345;140;167;243;Acquabrone;x
3346;38;147;94;Conticetra;x
3347;150;211;19;Mazianorolia;x
3348;98;18;38;Tolfanonteco;x
3349;70;67;207;Camariebes;x
3350;48;181;47;Taravajanej;x
3351;95;115;225;Masegola;x
3352;169;109;199;Mukenysa;x
3353;222;24;19;Zakyntina;x
3354;130;41;225;Megaros;x
3355;95;39;27;Herachalci;x
3356;19;100;188;Eleutithora;x
3357;175;57;15;Kostos;x
3358;172;153;186;Ege;x
3359;136;7;146;Aphidelos;x
3360;224;246;168;Cyrentina;x
3361;35;210;200;Morga;x
3362;207;96;65;Megarhamno;x
3363;46;152;103;Salameiros;x
3364;197;82;162;Pyrgorcyra;x
3365;246;91;208;Erythrytos;x
3366;198;2;71;Rogach;x
3367;137;111;97;Horobratsl;x
3368;35;113;187;Gorodorogo;x
3369;135;86;237;Izhesvinet;x
3370;241;6;23;Mozyryesk;x
3371;194;11;196;Dubkiaslav;x
3372;227;138;140;Kotelokov;x
3373;71;169;236;Krichin;x
3374;22;155;98;Vyatk;x
3375;218;94;249;Kursk;x
3376;232;224;142;Pererobor;x
3377;82;29;7;Koshk;x
3378;124;202;31;Pererechit;x
3379;155;10;28;Boscamskirk;x
3380;53;29;185;Wiveletoney;x
3381;115;168;103;Morevereya;x
3382;61;85;161;Kozelutsk;x
3383;96;212;134;Korshesk;x
3384;116;189;221;Dorogorod;x
3385;231;113;206;Klech;x
3386;42;218;136;Berezhitom;x
3387;9;45;125;Bolon;x
3388;49;3;161;Fontavio;x
3389;40;13;178;Montacalvile;x
3390;123;153;49;Viticiampi;x
3391;86;128;42;Trivianola;x
3392;157;236;172;Oropenza;x
3393;85;109;31;Selas;x
3394;168;19;227;Ribardos;x
3395;157;226;124;Almenal;x
3396;239;202;112;Chuecolea;x
3397;17;204;91;Paredamura;x
3398;150;101;4;Buenanueva;x
3399;192;89;25;Puebludozo;x
3400;52;90;125;Temblucilla;x
3401;60;154;36;Torobledena;x
3402;47;196;182;Tomis;x
3403;132;198;200;Lapitrearis;x
3404;232;37;243;Amarybaris;x
3405;128;182;213;Rhitharne;x
3406;100;168;89;Smyrn;x
3407;162;151;123;Paros;x
3408;232;95;187;Smyrntiona;x
3409;127;141;61;Siris;x
3410;120;186;130;Tithos;x
3411;30;73;157;Methusis;x
3412;254;97;194;Lilenia;x
3413;118;56;189;Argossa;x
3414;236;75;36;Usvyatsk;x
3415;47;188;223;Belyigov;x
3416;213;245;150;Moschan;x
3417;93;28;171;Putiv;x
3418;176;187;212;Vyatkorshe;x
3419;35;14;198;Korshuyavl;x
3420;118;164;110;Glebobesk;x
3421;94;194;33;Dubkinsk;x
3422;76;83;84;Mikulomihv;x
3423;177;56;21;Propoleche;x
3424;8;149;97;Korechenia;x
3425;120;139;84;Veversunia;x
3426;101;73;226;Bolon;x
3427;210;171;25;Seasateshe;x
3428;146;212;143;Logosa;x
3429;222;190;68;Kolyv;x
3430;22;184;67;Perelotsk;x
3431;111;200;173;Seren;x
3432;136;87;166;Beloborod;x
3433;81;243;131;Shuyatinsk;x
3434;215;172;35;Onanomezia;x
3435;109;88;47;Gradorvo;x
3436;40;149;239;Farneria;x
3437;71;239;132;Pozo;x
3438;140;188;37;Milameda;x
3439;112;16;242;Tierza;x
3440;84;30;61;Aldeamoso;x
3441;27;75;187;Urdaravil;x
3442;234;170;28;Cerve;x
3443;9;107;137;Alamerde;x
3444;192;88;196;Escopernal;x
3445;174;79;176;Tortuentels;x
3446;19;103;60;Setilana;x
3447;3;215;26;Retamurgas;x
3448;6;206;188;Azuquenave;x
3449;223;51;28;Jadramoson;x
3450;222;200;131;Oropegana;x
3451;158;248;208;Gonagra;x
3452;193;117;67;Ksnia;x
3453;54;243;3;Ostrok;x
3454;245;35;247;Korsutesk;x
3455;249;96;119;Opokiatin;x
3456;86;142;168;Vselub;x
3457;187;193;90;Ivanemizav;x
3458;62;148;44;Chererezhe;x
3459;15;96;170;Romnyansk;x
3460;33;214;217;Krylachev;x
3461;28;133;101;Meshkulino;x
3462;172;150;102;Yaroperese;x
3463;254;250;10;Chechsk;x
3464;44;57;68;Yuryesk;x
3465;124;41;20;Luzharnavl;x
3466;32;173;234;Kopylodime;x
3467;248;180;233;Chern;x
3468;80;219;158;Oreshitome;x
3469;165;45;215;Voron;x
3470;26;151;6;Kamenov;x
3471;80;199;189;Luchinod;x
3472;214;214;129;Licenzara;x
3473;144;55;172;Camponevano;x
3474;158;95;15;Castrinoli;x
3475;71;133;70;Rivodispola;x
3476;206;120;240;Labichiano;x
3477;87;71;119;Hormiruequ;x
3478;236;225;56;Valves;x
3479;203;76;104;Molinalgora;x
3480;60;114;230;Nunos;x
3481;207;41;91;Castiaides;x
3482;108;80;166;Ocana;x
3483;128;215;39;Penalcaniza;x
3484;162;75;180;Matilos;x
3485;112;105;190;Cardiopedr;x
3486;65;29;185;Camarrontes;x
3487;165;98;89;Pradestil;x
3488;72;18;109;Baideganara;x
3489;110;228;83;Albenes;x
3490;39;114;124;Irueselas;x
3491;211;17;180;Korsh;x
3492;32;203;240;Thron;x
3493;27;182;53;Dorogoresk;x
3494;4;238;44;Temnos;x
3495;120;156;26;Ostrosalsk;x
3496;42;246;15;Sokolz;x
3497;251;171;92;Byhov;x
3498;233;222;234;Goryshichi;x
3499;68;212;211;Mologosko;x
3500;94;175;22;Velililil;x
3501;180;132;169;Chertrog;x
3502;150;109;79;Luzha;x
3503;254;42;203;Chech;x
3504;135;217;204;Romnyesk;x
3505;90;70;203;Mosalensk;x
3506;51;106;202;Bryansk;x
3507;180;59;30;Obolerpeys;x
3508;8;15;14;Monte;x
3509;74;140;119;Vetrantali;x
3510;115;108;197;Rocorocuso;x
3511;203;17;44;Borgotral;x
3512;239;106;201;Rocata;x
3513;100;138;48;Conficacuto;x
3514;113;210;130;Rivodo;x
3515;17;21;181;Antronentana;x
3516;246;18;61;Valanonerbo;x
3517;214;74;125;Leonelisano;x
3518;230;147;244;Proceratano;x
3519;198;62;128;Belubriasec;x
3520;78;200;8;Filacantalo;x
3521;100;250;96;Civite;x
3522;151;179;161;Velicerosi;x
3523;232;238;19;Anticumoli;x
3524;195;131;10;Castraliano;x
3525;246;13;214;Sperllepie;x
3526;224;151;232;Roblebra;x
3527;180;156;218;Chozastel;x
3528;168;173;11;Sesensalid;x
3529;118;234;126;Burguembel;x
3530;218;89;250;Noblejon;x
3531;17;207;122;Orgaz;x
3532;159;154;78;Pinillos;x
3533;118;115;197;Dosba;x
3534;17;157;28;Olmedanar;x
3535;14;95;200;Matilas;x
3536;120;6;98;Ocanauca;x
3537;65;78;241;Belvinosa;x
3538;96;242;250;Alcola;x
3539;249;218;89;Morenes;x
3540;17;41;243;Ocana;x
3541;166;107;241;Guadaruela;x
3542;47;78;101;Epidantion;x
3543;103;80;83;Nicegara;x
3544;83;32;80;Rhamnai;x
3545;129;29;14;Alexa;x
3546;89;125;39;Sinopagasa;x
3547;151;253;19;Acharonion;x
3548;63;95;205;Peliossos;x
3549;87;103;158;Staria;x
3550;151;198;89;Svisl;x
3551;232;150;141;Nichavl;x
3552;133;16;173;Yuryen;x
3553;55;32;165;Hotiniatin;x
3554;213;120;96;Stepa;x
3555;13;204;108;Osechsk;x
3556;197;60;232;Rostolotsk;x
3557;104;13;228;Chetv;x
3558;221;114;216;Labico;x
3559;97;77;203;Soria;x
3560;171;221;138;Casalapraro;x
3561;12;54;52;Cerva;x
3562;84;241;19;Turanazano;x
3563;40;174;80;Vivarsoli;x
3564;83;32;75;Gavigiuliala;x
3565;88;157;82;Velicenz;x
3566;25;22;73;Wodboume;x
3567;189;48;60;Presthleach;x
3568;23;106;47;Exninghambe;x
3569;67;109;82;Binglmondb;x
3570;16;225;83;Blandover;x
3571;195;66;192;Dunstle;x
3572;144;197;6;Wodbasingh;x
3573;135;67;105;Ajofroyonar;x
3574;69;54;29;Cabanaledos;x
3575;252;65;159;Cantatil;x
3576;162;72;92;Cabanejos;x
3577;53;57;30;Talaverde;x
3578;27;241;9;Sonsenatil;x
3579;141;249;218;Argesa;x
3580;13;162;185;Gerinto;x
3581;203;135;121;Castiruequ;x
3582;72;26;151;Paredurona;x
3583;142;20;251;Coperesara;x
3584;139;24;6;Trildeanu;x
3585;55;177;8;Taravedanil;x
3586;3;252;227;Sotilocejon;x
3587;231;93;35;Navas;x
3588;66;87;235;Sigueruelar;x
3589;137;253;91;Cifuejar;x
3590;18;91;81;Povedocanaz;x
3591;248;13;151;Milmables;x
3592;119;57;179;Arola;x
3593;164;24;153;Lampstos;x
3594;143;237;75;Korin;x
3595;26;103;10;Pargaktosos;x
3596;219;211;139;Orchonaupak;x
3597;226;206;26;Iasos;x
3598;112;91;40;Pargatos;x
3599;197;124;108;Salamis;x
3600;154;159;66;Korsh;x
3601;76;138;196;Chern;x
3602;15;115;224;Tiveryevsk;x
3603;25;94;94;Turovano;x
3604;146;108;41;Meschetver;x
3605;118;85;144;Lubno;x
3606;195;192;174;Devyailov;x
3607;19;238;172;Monta;x
3608;149;188;94;Chichambe;x
3609;22;115;14;Lutonewente;x
3610;193;131;129;Penzantham;x
3611;109;234;174;Fenkleigley;x
3612;232;199;143;Newengham;x
3613;177;233;142;Draxtedon;x
3614;242;207;85;Salishil;x
3615;127;201;15;Keniltony;x
3616;10;119;219;Lewesoutha;x
3617;31;18;76;Chipton;x
3618;6;120;93;Cliftham;x
3619;5;64;166;Montarling;x
3620;109;31;165;Conglseave;x
3621;245;178;4;Baideralej;x
3622;213;152;153;Piozagallar;x
3623;117;166;194;Totanuevo;x
3624;110;195;73;Galvega;x
3625;21;216;43;Ledanches;x
3626;159;39;103;Toredos;x
3627;105;252;129;Valve;x
3628;130;210;196;Canta;x
3629;234;192;11;Querosegura;x
3630;233;75;139;Argesuegra;x
3631;219;165;206;Selas;x
3632;193;229;75;Ciruenera;x
3633;241;175;168;Alamijos;x
3634;167;130;205;Piozaorej;x
3635;48;95;252;Romanos;x
3636;42;190;81;Checana;x
3637;106;139;158;Tierzoncos;x
3638;162;218;204;Berniolias;x
3639;201;201;241;Riofres;x
3640;245;8;162;Siguegana;x
3641;3;104;208;Argesaucas;x
3642;199;134;26;Talavera;x
3643;113;146;76;Nicophaist;x
3644;35;198;253;Acharythra;x
3645;156;252;154;Orestylis;x
3646;178;226;237;Tylissosos;x
3647;31;93;119;Magnera;x
3648;166;80;14;Dicenais;x
3649;231;149;118;Glinshonsk;x
3650;135;70;233;Goroskala;x
3651;19;246;126;Terebryans;x
3652;198;110;240;Izhesechen;x
3653;99;78;19;Svisl;x
3654;120;19;220;Ilovelyi;x
3655;198;223;80;Velyensk;x
3656;123;242;137;Luchichsk;x
3657;104;211;169;Acalerenti;x
3658;147;170;93;Standgenley;x
3659;194;131;105;Modbury;x
3660;136;108;28;Bothboume;x
3661;180;13;67;Hornburgh;x
3662;50;23;132;Mereading;x
3663;104;250;103;Manchetfor;x
3664;162;232;108;Thaxtharbot;x
3665;98;72;211;Retforley;x
3666;77;7;89;Albartera;x
3667;109;140;169;Tendijos;x
3668;127;218;61;Milmalegas;x
3669;161;171;205;Sonseda;x
3670;133;196;11;Oliasalbare;x
3671;205;235;154;Mochatilida;x
3672;119;243;34;Temblavera;x
3673;171;164;202;Pepino;x
3674;226;50;58;Santiruela;x
3675;166;212;54;Camara;x
3676;69;239;123;Mocejos;x
3677;210;190;11;Burguzonas;x
3678;48;84;63;Artelcaude;x
3679;22;95;20;Centeanares;x
3680;2;150;43;Duronar;x
3681;237;243;247;Brihuenza;x
3682;42;197;150;Estrilara;x
3683;146;252;166;Canta;x
3684;198;47;181;Ugenanarid;x
3685;215;189;145;Valdella;x
3686;199;218;234;Surakastro;x
3687;173;188;213;Bridlingfon;x
3688;21;55;24;Birmingham;x
3689;57;52;205;Zakynthos;x
3690;61;168;188;Harborough;x
3691;169;18;99;Conglborou;x
3692;136;8;59;Mosaloslav;x
3693;69;201;126;Kursk;x
3694;98;209;216;Gorodno;x
3695;17;153;42;Byhovan;x
3696;169;137;173;Obolev;x
3697;204;131;69;Obolichaty;x
3698;196;96;190;Dorog;x
3699;218;191;136;Domin;x
3700;34;65;73;Masegancon;x
3701;240;192;198;Sevila;x
3702;212;50;17;Piniloral;x
3703;72;72;169;Riofrrios;x
3704;3;84;55;Casas;x
3705;153;144;109;Luzagoloron;x
3706;55;58;231;Ocentor;x
3707;244;157;155;Tendilestes;x
3708;160;184;194;Orgazada;x
3709;39;49;3;Tendillote;x
3710;100;168;242;Zaore;x
3711;157;82;113;Luzontenera;x
3712;104;105;55;Tendilas;x
3713;111;223;196;Domininche;x
3714;96;76;64;Zoritaravi;x
3715;235;3;243;Megindiga;x
3716;248;228;19;Arges;x
3717;187;145;245;Hontados;x
3718;170;126;146;Consuertos;x
3719;93;155;38;Quintilnue;x
3720;140;68;147;Oroperolo;x
3721;127;44;221;Tamerough;x
3722;165;44;169;Novogniati;x
3723;162;129;19;Skipsborou;x
3724;54;73;203;Withen;x
3725;61;75;9;Cudgeringh;x
3726;27;215;158;Towceston;x
3727;213;81;74;Tarpomyard;x
3728;123;101;133;Skipstow;x
3729;184;172;202;Kozelutsk;x
3730;48;71;85;Tiveronich;x
3731;244;40;131;Meschemeso;x
3732;41;225;218;Zizhemil;x
3733;175;168;97;Zhitobolen;x
3734;206;221;99;Opokalich;x
3735;133;59;249;Wodbury;x
3736;215;67;136;Solihtoney;x
3737;162;202;216;Clifelton;x
3738;107;18;174;Gatesinley;x
3739;159;106;53;Merton;x
3740;117;250;172;Seaforough;x
3741;39;8;207;Standford;x
3742;82;182;154;Bridltrinc;x
3743;241;194;152;Bambutsfor;x
3744;176;98;47;Penridhurs;x
3745;195;115;235;Pershather;x
3746;8;166;84;Salisfield;x
3747;7;240;179;Bungarling;x
3748;68;171;216;Winklingf;x
3749;143;137;221;Seafonster;x
3750;138;235;114;Solihambeld;x
3751;4;147;76;Irues;x
3752;234;143;131;Azuquela;x
3753;228;210;16;Ocentelona;x
3754;95;6;120;Fonta;x
3755;233;249;196;Maseges;x
3756;184;252;160;Numana;x
3757;187;169;13;Piquegredo;x
3758;251;145;90;Utandamuro;x
3759;26;242;27;Castina;x
3760;59;69;78;Hervalverda;x
3761;5;159;169;Castilagan;x
3762;28;236;8;Baidejono;x
3763;253;82;200;Rebolnuevo;x
3764;234;110;69;Santiastejo;x
3765;192;197;223;Peralla;x
3766;92;33;254;Casteledanc;x
3767;181;203;151;Bobrukoml;x
3768;143;211;219;Credingham;x
3769;14;73;82;Cliftone;x
3770;229;88;24;Paignalouth;x
3771;137;180;227;Brambympsto;x
3772;162;95;82;Readipton;x
3773;93;20;194;Lewesin;x
3774;74;156;3;Calneanches;x
3775;80;247;112;Yeovihul;x
3776;179;158;45;Torzhevov;x
3777;158;71;55;Rostinov;x
3778;242;9;53;Gorohsk;x
3779;121;120;4;Mednicha;x
3780;121;123;207;Wartovilyme;x
3781;221;143;94;Cantedclif;x
3782;197;240;40;Portsham;x
3783;81;217;23;Retfonchest;x
3784;9;35;102;Thatckermo;x
3785;89;89;52;Sidmonth;x
3786;178;12;50;Sidmowleigh;x
3787;151;116;204;Totnerbury;x
3788;58;27;196;Sudbudley;x
3789;238;100;156;Binglbrigh;x
3790;108;198;126;Axbripton;x
3791;23;106;72;Bramporley;x
3792;154;18;20;Credingdon;x
3793;169;83;34;Baldouth;x
3794;150;22;27;Chilewich;x
3795;31;223;43;Buckild;x
3796;226;207;150;Loutheadon;x
3797;251;43;149;Marlbingler;x
3798;188;50;49;Guildford;x
3799;139;73;43;Atheretfory;x
3800;60;43;55;Wargrd;x
3801;6;169;198;Ashboswest;x
3802;154;185;172;Ormskirk;x
3803;29;182;235;Malbord;x
3804;163;27;111;Canta;x
3805;253;186;224;Galvendral;x
3806;216;89;253;Lillos;x
3807;170;30;250;Belvina;x
3808;99;134;224;Solanera;x
3809;186;20;99;Olmedoseca;x
3810;122;167;30;Inies;x
3811;161;6;89;Escalominc;x
3812;57;159;80;Piozalega;x
3813;73;90;179;Algaralejo;x
3814;192;241;230;Querotosa;x
3815;55;171;195;Albarezon;x
3816;114;243;81;Gomiyshl;x
3817;171;180;12;Glinsk;x
3818;81;111;125;Peresk;x
3819;80;167;65;Prestleach;x
3820;177;59;57;Pickester;x
3821;123;86;168;Someroughb;x
3822;95;221;32;Exningleto;x
3823;165;52;2;Loutham;x
3824;250;57;127;Sudbutham;x
3825;99;126;36;Hornborough;x
3826;79;175;33;Manchather;x
3827;17;41;188;Shoreasalt;x
3828;111;52;26;Orforyfiel;x
3829;43;101;93;Bosearlisl;x
3830;184;56;206;Pickematon;x
3831;119;228;129;Hertford;x
3832;165;167;4;Ashbobury;x
3833;91;160;254;Haleshboum;x
3834;126;56;239;Retfonwich;x
3835;139;157;205;Wiscoughbry;x
3836;64;206;28;Chicharlow;x
3837;56;168;45;Penzalbrig;x
3838;249;183;56;Boskirk;x
3839;110;114;186;Berwigmore;x
3840;153;206;172;Amerstoke;x
3841;202;28;43;Flokiptong;x
3842;166;204;236;Wargrkeley;x
3843;40;62;66;Altrincham;x
3844;128;201;37;Malbongnton;x
3845;41;104;221;Congleigham;x
3846;30;176;101;Norhalisbul;x
3847;220;31;50;Lymewicham;x
3848;196;171;252;Horshesterd;x
3849;36;169;157;Hinckipton;x
3850;108;9;194;Malagos;x
3851;114;29;222;Castita;x
3852;125;147;252;Fuens;x
3853;179;183;27;Cogolananil;x
3854;229;25;84;Busta;x
3855;101;123;108;Algorueque;x
3856;245;253;132;Totanaravil;x
3857;225;109;147;Irues;x
3858;80;166;129;Medrarmena;x
3859;59;43;211;Arges;x
3860;131;19;108;Valdera;x
3861;198;213;182;Castevada;x
3862;87;115;109;Peremdina;x
3863;128;142;84;Penrington;x
3864;162;128;188;Penzandon;x
3865;71;34;199;Tregornby;x
3866;71;231;120;Brutongton;x
3867;222;187;218;Thetflokbe;x
3868;235;110;50;Wickwceste;x
3869;137;186;166;Bungam;x
3870;19;182;222;Wargry;x
3871;72;176;178;Dunsteridge;x
3872;10;35;19;Padstletone;x
3873;104;94;57;Weymomney;x
3874;84;112;192;Brambigh;x
3875;57;219;54;Hatfingsto;x
3876;108;164;135;Lutonorham;x
3877;213;57;120;Framping;x
3878;210;155;151;Bungamburg;x
3879;96;252;232;Credinton;x
3880;9;123;77;Buckitford;x
3881;213;207;180;Helsthatch;x
3882;35;134;185;Bungam;x
3883;86;126;12;Newbokey;x
3884;203;116;210;Weymonewbur;x
3885;219;100;231;Mancham;x
3886;179;95;81;Modbunwich;x
3887;86;205;103;Atheridgeth;x
3888;106;183;94;Bothame;x
3889;246;225;49;Wiscontacud;x
3890;13;21;84;Boscaydoner;x
3891;2;163;24;Sudbuatfor;x
3892;89;79;234;Marlbury;x
3893;79;229;130;Botherston;x
3894;254;197;128;Binglewich;x
3895;155;83;30;Hornbridge;x
3896;239;220;20;Haltontacu;x
3897;81;233;169;Manley;x
3898;16;81;7;Quatfaringh;x
3899;70;114;34;Mereldge;x
3900;27;165;110;Cardias;x
3901;109;244;212;Luzagosona;x
3902;118;115;192;Coronesa;x
3903;46;183;252;Ajofrosbar;x
3904;147;194;34;Pradeblanil;x
3905;163;5;222;Tierzuelas;x
3906;138;25;55;Oropestablo;x
3907;94;41;44;Piozarzues;x
3908;137;69;242;Alcauenor;x
3909;88;124;157;Cazalejas;x
3910;134;196;105;Casterveras;x
3911;207;44;104;Solanavas;x
3912;27;120;178;Berezhets;x
3913;180;220;89;Izborerov;x
3914;17;49;82;Stotonden;x
3915;7;236;32;Basindgeld;x
3916;179;135;219;Mereston;x
3917;13;200;91;Wickwick;x
3918;235;158;142;Whitfelton;x
3919;210;42;247;Feltoe;x
3920;92;189;24;Tamerockin;x
3921;172;3;10;Noshoreh;x
3922;54;215;203;Brampershow;x
3923;229;69;97;Tregonewbor;x
3924;119;217;98;Swaventon;x
3925;202;251;232;Monte;x
3926;39;45;130;Birmisley;x
3927;182;30;181;Dunwiscombe;x
3928;43;211;242;Berewent;x
3929;145;229;66;Launcongle;x
3930;101;253;42;Grampilton;x
3931;38;242;93;Pershersto;x
3932;121;91;224;Newbornbur;x
3933;36;11;250;Saltarenmo;x
3934;226;126;176;Malboakham;x
3935;123;59;70;Ashbord;x
3936;222;59;179;Chinzance;x
3937;18;152;249;Swaverporle;x
3938;173;163;225;Haydord;x
3939;42;62;25;Hertford;x
3940;88;149;217;Thatchip;x
3941;138;157;163;Winchwel;x
3942;106;73;204;Machinorham;x
3943;91;98;174;Darlickwar;x
3944;168;251;171;Newbonvery;x
3945;219;24;177;Hertframpt;x
3946;176;176;66;Draxningh;x
3947;150;162;73;Azuqurgos;x
3948;198;8;248;Robleste;x
3949;69;101;230;Valta;x
3950;69;6;3;Arbantanar;x
3951;217;184;26;Malagolrio;x
3952;210;38;77;Meginiesto;x
3953;84;31;203;Malaguita;x
3954;81;231;195;Alcauerva;x
3955;59;210;6;Luzages;x
3956;68;184;60;Torkstbury;x
3957;78;220;56;Witheringdo;x
3958;76;111;153;Saliskipse;x
3959;241;118;232;Betleobury;x
3960;105;85;73;Mitfoughbr;x
3961;166;113;181;Seaforley;x
3962;134;35;210;Watfostando;x
3963;197;30;210;Bodmigoney;x
3964;190;247;48;Durhasings;x
3965;237;231;125;Faleronia;x
3966;98;100;139;Tregoakhame;x
3967;115;207;216;Shifny;x
3968;40;92;232;Draxbridgh;x
3969;189;80;198;Hertfording;x
3970;9;127;143;Hornbridgen;x
3971;202;231;166;Buckichesth;x
3972;6;172;47;Towceweseam;x
3973;134;157;202;Midbury;x
3974;176;43;46;Mousestergh;x
3975;163;172;74;Kilkhamac;x
3976;42;207;59;Hatfiltond;x
3977;243;40;209;Cudoverbury;x
3978;84;241;156;Cleobridge;x
3979;88;195;162;Norhanceap;x
3980;107;56;50;Wigmobury;x
3981;184;53;14;Cockeasalt;x
3982;37;204;246;Dunwigh;x
3983;130;116;243;Noston;x
3984;194;108;122;Padstamert;x
3985;56;66;77;Canteton;x
3986;230;202;191;Marlbeighto;x
3987;229;163;28;Warehester;x
3988;77;15;191;Baldolihul;x
3989;200;76;15;Almenila;x
3990;85;162;112;Totanavas;x
3991;130;113;199;Guadardielo;x
3992;65;252;57;Huertura;x
3993;44;16;150;Orgazones;x
3994;158;97;192;Valtaganil;x
3995;195;163;131;Numanamoso;x
3996;70;51;194;Portilmendr;x
3997;157;53;65;Castero;x
3998;27;177;128;Mitfonglet;x
3999;74;205;144;Halton;x
4000;110;25;50;Penzamey;x
4001;68;182;46;Chilter;x
4002;212;170;194;Somerincha;x
4003;225;188;77;Cambrighton;x
4004;133;152;234;Mousendale;x
4005;82;84;124;Kinetfordon;x
4006;151;28;244;Credifton;x
4007;76;163;128;Guarccabro;x
4008;188;234;121;Hatfington;x
4009;199;41;82;Totned;x
4010;223;96;196;Hatfince;x
4011;169;193;167;Blechbury;x
4012;109;191;191;Withawleigh;x
4013;173;69;59;Heytesalter;x
4014;13;109;89;Penzanterb;x
4015;19;82;48;Boroury;x
4016;132;215;77;Hatheytesb;x
4017;6;252;2;Tetbury;x
4018;175;161;190;Credinver;x
4019;106;101;34;Mousetonden;x
4020;226;122;226;Fentonkneth;x
4021;207;143;193;Skipted;x
4022;95;113;192;Midhury;x
4023;9;15;199;Manchfield;x
4024;34;157;98;Hertfield;x
4025;125;40;37;Baldordmint;x
4026;114;34;169;Carlingdon;x
4027;86;191;92;Winchambe;x
4028;246;67;123;Bretframpth;x
4029;182;29;4;Boltouthame;x
4030;156;3;96;Tremalne;x
4031;151;179;173;Henlerston;x
4032;86;239;101;Wivelton;x
4033;248;119;113;Bridgham;x
4034;77;247;27;Chawltrinc;x
4035;148;76;12;Urdardos;x
4036;136;222;12;Azuquertas;x
4037;64;100;200;Matillo;x
4038;112;79;68;Ocanaras;x
4039;161;13;190;Banos;x
4040;134;76;11;Luzagredo;x
4041;143;74;164;Moratilaga;x
4042;127;231;91;Azuquervera;x
4043;120;72;172;Somollozon;x
4044;131;219;189;Brasthwelow;x
4045;161;229;8;Lutonwichil;x
4046;147;220;164;Chilworth;x
4047;225;183;118;Harlorksey;x
4048;5;78;193;Gatowbige;x
4049;70;218;85;Axbrirby;x
4050;72;156;128;Birmingham;x
4051;113;194;20;Andoveton;x
4052;236;12;226;Ormskleigh;x
4053;205;102;43;Merexning;x
4054;179;103;54;Frampound;x
4055;76;171;159;Newbouth;x
4056;127;131;187;Bingley;x
4057;189;251;112;Newenwicham;x
4058;216;231;132;Credingdon;x
4059;142;140;19;Ashbolihul;x
4060;174;113;102;Buckidge;x
4061;139;117;231;Sherstry;x
4062;177;122;204;Thatcaus;x
4063;231;179;165;Harbothambe;x
4064;22;195;90;Draxningdon;x
4065;135;13;215;Binglisle;x
4066;91;68;62;Binglow;x
4067;176;33;191;Rockipton;x
4068;8;33;150;Boroutonos;x
4069;123;246;86;Modbusea;x
4070;190;214;239;Milbord;x
4071;167;52;140;Algarejon;x
4072;145;235;99;Semil;x
4073;244;152;80;Sevillas;x
4074;160;218;164;Zaorevilaro;x
4075;216;231;147;Oropenalve;x
4076;25;228;227;Lucillos;x
4077;31;94;248;Cardiniest;x
4078;179;162;77;Mocha;x
4079;98;238;178;Tarpolmed;x
4080;21;49;153;Draxbridg;x
4081;229;18;22;Wargreadin;x
4082;13;167;142;Pershtong;x
4083;27;132;114;Maldoughbr;x
4084;216;247;75;Boltomney;x
4085;133;100;31;Malborhame;x
4086;136;69;39;Bridlutont;x
4087;55;164;206;Feltonley;x
4088;116;220;28;Albrieldgel;x
4089;9;32;137;Burgolina;x
4090;30;233;92;Southeridg;x
4091;234;242;243;Guadas;x
4092;11;229;92;Ruedaravil;x
4093;218;72;201;Sotilludo;x
4094;62;96;179;Humandral;x
4095;143;174;126;Huecadamur;x
4096;121;8;49;Puebllas;x
4097;222;197;52;Castirabuer;x
4098;44;139;166;Apstone;x
4099;25;227;147;Halton;x
4100;169;115;248;Bramboroug;x
4101;160;44;76;Rothwigan;x
4102;233;100;146;Avetothame;x
4103;116;43;177;Boseasal;x
4104;206;66;248;Penrinedon;x
4105;94;122;115;Ashbord;x
4106;183;97;80;Valtaides;x
4107;187;189;68;Burguebla;x
4108;4;61;15;Cantados;x
4109;214;161;178;Magandejara;x
4110;77;136;129;Torgas;x
4111;125;242;111;Alamecil;x
4112;234;30;35;Tendides;x
4113;29;43;149;Piltolestry;x
4114;189;10;94;Mitfon;x
4115;144;29;76;Causin;x
4116;250;41;118;Saltaydongh;x
4117;6;173;146;Oswestaple;x
4118;185;57;181;Wendombea;x
4119;193;36;173;Northeth;x
4120;44;227;234;Tarpodmin;x
4121;150;62;50;Milanillo;x
4122;199;178;141;Lucilaseca;x
4123;228;114;66;Zaorebolla;x
4124;47;173;220;Escoparede;x
4125;168;175;60;Escopilar;x
4126;175;2;49;Sevilcaniz;x
4127;226;135;58;Argechueca;x
4128;190;242;204;Wivelymea;x
4129;32;30;36;Louthawlei;x
4130;119;242;151;Louthinckld;x
4131;98;59;134;Wartovery;x
4132;130;111;247;Apenrit;x
4133;54;183;135;Thorngley;x
4134;56;175;236;Boroury;x
4135;141;212;198;Tiverbury;x
4136;33;43;29;Rothberd;x
4137;67;100;84;Puebllida;x
4138;90;72;40;Meginoblej;x
4139;30;105;219;Alcana;x
4140;148;31;3;Peraldesot;x
4141;27;18;199;Wodbury;x
4142;54;83;40;Brambridgey;x
4143;208;211;220;Thetfinedo;x
4144;42;193;224;Mirablado;x
4145;87;240;60;Heriontanar;x
4146;252;120;121;Valvejaria;x
4147;216;72;199;Ugenarcos;x
4148;202;65;161;Maquesplega;x
4149;213;65;88;Escalforte;x
4150;216;77;148;Seasashbury;x
4151;28;176;240;Darlilwort;x
4152;135;46;125;Andoverton;x
4153;91;39;67;Siguenza;x
4154;77;205;115;Almenueva;x
4155;181;19;163;Jiruedado;x
4156;43;124;209;Seguranil;x
4157;80;199;43;Somollos;x
4158;250;6;116;Tendilo;x
4159;114;146;147;Pickeck;x
4160;197;223;211;Valtalida;x
4161;198;164;52;Mocejorada;x
4162;119;72;136;Jiruerovil;x
4163;132;6;31;Castes;x
4164;236;144;46;Chisbury;x
4165;244;103;95;Alaminorada;x
4166;89;37;139;Azuquzagaga;x
4167;86;115;244;Padstsford;x
4168;111;176;13;Uxbrinver;x
4169;21;216;239;Lagariegan;x
4170;64;63;192;Masega;x
4171;97;87;133;Cuervedamil;x
4172;248;164;204;Birmitheri;x
4173;206;37;139;Tarponey;x
4174;85;143;100;Tetbucking;x
4175;197;229;151;Southeton;x
4176;9;141;109;Yeovirkneth;x
4177;171;60;30;Tetbuthead;x
