province;red;green;blue;x;x
0;31;255;255;name11;x
1;27;255;255;name11;x
2;30;255;255;name11;x
3;30;255;255;name11;x
4;28;255;255;name11;x
5;28;255;255;name11;x
6;29;255;255;name11;x
7;30;255;255;name11;x
8;32;255;255;name11;x
9;32;255;255;name11;x
10;32;255;255;name11;x
11;33;125;0;name12;x
12;36;125;0;name12;x
13;31;255;255;name11;x
14;31;255;255;name11;x
15;32;255;255;name11;x
16;32;255;255;name11;x
17;32;255;255;name11;x
18;33;125;0;name13;x
19;32;255;255;name11;x
20;33;125;0;name13;x
21;32;125;0;name13;x
22;33;125;0;name13;x
23;33;125;0;name14;x
24;33;125;0;name14;x
25;34;125;0;name14;x
26;34;125;0;name14;x
27;33;125;0;name14;x
28;34;125;0;name14;x
29;33;125;0;name15;x
30;34;125;0;name15;x
31;34;125;0;name15;x
32;34;125;0;name15;x
33;35;125;0;name15;x
34;42;125;0;name16;x
35;43;125;0;name16;x
36;44;125;0;name16;x
37;36;125;0;name16;x
38;38;125;0;name16;x
39;35;125;0;name16;x
40;34;125;0;name16;x
41;34;125;0;name16;x
42;36;125;0;name16;x
43;42;125;0;name17;x
44;42;125;0;name17;x
45;38;125;0;name17;x
46;32;255;255;name11;x
47;33;125;0;name17;x
48;32;255;255;name11;x
49;32;125;0;name18;x
50;32;125;0;name18;x
51;32;125;0;name18;x
52;33;125;0;name18;x
53;33;125;0;name18;x
54;32;125;0;name18;x
55;33;125;0;name18;x
56;33;125;0;name18;x
57;32;125;0;name18;x
58;32;255;255;name11;x
59;32;255;255;name11;x
60;32;255;255;name11;x
61;32;255;255;name11;x
62;32;255;255;name11;x
63;32;255;255;name11;x
64;32;255;255;name11;x
65;32;255;255;name11;x
66;32;255;255;name11;x
67;32;255;255;name11;x
68;32;255;255;name11;x
69;32;255;255;name11;x
70;34;125;0;name19;x
71;32;255;255;name11;x
72;32;255;255;name11;x
73;32;255;255;name11;x
74;32;255;255;name11;x
75;32;255;255;name11;x
76;32;255;255;name11;x
77;32;255;255;name11;x
78;32;255;255;name11;x
79;32;255;255;name11;x
80;23;255;255;name11;x
81;0;255;255;name11;x
82;0;255;255;name11;x
83;0;255;255;name11;x
84;0;255;255;name11;x
85;0;255;255;name11;x
86;17;255;255;name11;x
87;31;255;255;name11;x
88;29;255;255;name11;x
89;30;255;255;name11;x
90;41;125;0;name20;x
91;33;125;0;name20;x
92;32;255;255;name11;x
93;39;125;0;name21;x
94;43;125;0;name21;x
95;46;125;0;name21;x
96;43;125;0;name21;x
97;34;125;0;name21;x
98;34;125;0;name21;x
99;32;255;255;name11;x
100;31;255;255;name11;x
101;32;255;255;name11;x
102;36;125;0;name22;x
103;32;255;255;name11;x
104;31;255;255;name11;x
105;36;125;0;name23;x
106;36;125;0;name23;x
107;34;125;0;name23;x
108;41;125;0;name23;x
109;47;125;0;name23;x
110;66;125;0;name23;x
111;64;125;0;name23;x
112;46;125;0;name24;x
113;32;255;255;name11;x
114;0;255;255;name11;x
115;0;255;255;name11;x
116;30;255;255;name11;x
117;32;255;255;name11;x
118;36;125;0;name25;x
119;109;125;0;name25;x
120;234;125;0;name11;x
121;255;125;0;name11;x
122;255;125;0;name11;x
123;255;125;0;name11;x
124;255;125;0;name11;x
125;255;125;0;name11;x
126;255;125;0;name11;x
127;255;125;0;name11;x
128;255;125;0;name11;x
129;214;125;0;name11;x
130;144;125;0;name26;x
131;102;125;0;name26;x
132;56;125;0;name26;x
133;31;255;255;name11;x
134;23;255;255;name11;x
135;0;255;255;name11;x
136;30;255;255;name11;x
137;0;255;255;name11;x
138;31;255;255;name11;x
139;33;125;0;name27;x
140;33;125;0;name27;x
141;43;125;0;name27;x
142;43;125;0;name27;x
143;40;125;0;name27;x
144;42;125;0;name27;x
145;32;255;255;name11;x
146;31;255;255;name11;x
147;31;255;255;name11;x
148;31;255;255;name11;x
149;31;255;255;name11;x
150;32;255;255;name11;x
151;32;255;255;name11;x
152;32;255;255;name11;x
153;32;255;255;name11;x
154;32;255;255;name11;x
155;32;255;255;name11;x
156;32;255;255;name11;x
157;32;255;255;name11;x
158;32;255;255;name11;x
159;32;255;255;name11;x
160;32;255;255;name11;x
161;32;255;255;name11;x
162;32;255;255;name11;x
163;32;255;255;name11;x
164;32;255;255;name11;x
165;31;255;255;name11;x
166;31;255;255;name11;x
167;31;255;255;name11;x
168;32;255;255;name11;x
169;32;255;255;name11;x
170;32;255;255;name11;x
171;32;125;0;name13;x
172;32;125;0;name28;x
173;33;125;0;name13;x
174;33;125;0;name13;x
175;32;125;0;name13;x
176;33;125;0;name13;x
177;33;125;0;name13;x
178;33;125;0;name29;x
179;33;125;0;name14;x
180;34;125;0;name14;x
181;34;125;0;name14;x
182;34;125;0;name14;x
183;43;125;0;name14;x
184;46;125;0;name15;x
185;39;125;0;name15;x
186;41;125;0;name15;x
187;47;125;0;name15;x
188;48;125;0;name16;x
189;46;125;0;name16;x
190;58;125;0;name16;x
191;68;125;0;name16;x
192;53;125;0;name16;x
193;36;125;0;name16;x
194;36;125;0;name16;x
195;37;125;0;name16;x
196;38;125;0;name16;x
197;37;125;0;name16;x
198;38;125;0;name17;x
199;36;125;0;name17;x
200;48;125;0;name17;x
201;46;125;0;name17;x
202;34;125;0;name17;x
203;37;125;0;name18;x
204;34;125;0;name18;x
205;34;125;0;name18;x
206;34;125;0;name18;x
207;33;125;0;name18;x
208;33;125;0;name18;x
209;33;125;0;name18;x
210;34;125;0;name18;x
211;33;125;0;name30;x
212;33;125;0;name30;x
213;33;125;0;name30;x
214;33;125;0;name30;x
215;32;125;0;name30;x
216;32;125;0;name30;x
217;32;255;255;name11;x
218;32;255;255;name11;x
219;32;255;255;name11;x
220;32;255;255;name11;x
221;32;255;255;name11;x
222;32;255;255;name11;x
223;32;255;255;name11;x
224;32;255;255;name11;x
225;32;255;255;name11;x
226;32;255;255;name11;x
227;32;255;255;name11;x
228;32;255;255;name11;x
229;32;255;255;name11;x
230;32;255;255;name11;x
231;32;255;255;name11;x
232;32;255;255;name11;x
233;32;255;255;name11;x
234;32;255;255;name11;x
235;32;255;255;name11;x
236;32;255;255;name11;x
237;32;255;255;name11;x
238;32;255;255;name11;x
239;32;255;255;name11;x
240;32;255;255;name11;x
241;32;125;0;name31;x
242;32;125;0;name31;x
243;32;125;0;name31;x
244;33;125;0;name31;x
245;33;125;0;name31;x
246;33;125;0;name31;x
247;33;125;0;name31;x
248;33;125;0;name31;x
249;33;125;0;name31;x
250;34;125;0;name31;x
251;34;125;0;name31;x
252;34;125;0;name31;x
253;33;125;0;name31;x
254;32;255;255;name11;x
255;32;255;255;name11;x
256;30;255;255;name11;x
257;1;255;255;name11;x
258;1;255;255;name11;x
259;32;255;255;name11;x
260;28;255;255;name11;x
261;32;255;255;name11;x
262;32;255;255;name11;x
263;32;255;255;name11;x
264;32;255;255;name11;x
265;32;255;255;name11;x
266;32;255;255;name11;x
267;31;255;255;name11;x
268;1;255;255;name11;x
269;23;255;255;name11;x
270;41;255;255;name11;x
271;23;255;255;name11;x
272;30;255;255;name11;x
273;30;255;255;name11;x
274;30;255;255;name11;x
275;34;125;0;name21;x
276;34;125;0;name21;x
277;34;125;0;name21;x
278;34;125;0;name21;x
279;37;125;0;name21;x
280;36;125;0;name21;x
281;36;125;0;name21;x
282;33;125;0;name21;x
283;32;255;255;name11;x
284;32;255;255;name11;x
285;32;255;255;name11;x
286;32;255;255;name11;x
287;31;255;255;name11;x
288;32;255;255;name11;x
289;46;125;0;name22;x
290;46;125;0;name22;x
291;46;125;0;name22;x
292;38;125;0;name32;x
293;38;125;0;name32;x
294;31;255;255;name11;x
295;31;255;255;name11;x
296;33;125;0;name23;x
297;33;125;0;name23;x
298;39;125;0;name23;x
299;39;125;0;name23;x
300;39;125;0;name33;x
301;39;125;0;name33;x
302;38;125;0;name23;x
303;36;125;0;name23;x
304;33;125;0;name23;x
305;46;125;0;name23;x
306;46;125;0;name23;x
307;62;125;0;name23;x
308;62;125;0;name24;x
309;75;125;0;name24;x
310;75;125;0;name24;x
311;75;125;0;name24;x
312;75;125;0;name24;x
313;40;125;0;name24;x
314;28;255;255;name11;x
315;28;255;255;name11;x
316;0;255;255;name11;x
317;1;255;255;name11;x
318;29;255;255;name11;x
319;29;255;255;name11;x
320;68;125;0;name25;x
321;68;125;0;name25;x
322;55;125;0;name25;x
323;156;125;0;name25;x
324;255;125;0;name11;x
325;255;125;0;name11;x
326;255;125;0;name11;x
327;255;125;0;name11;x
328;255;125;0;name11;x
329;255;125;0;name11;x
330;255;125;0;name11;x
331;255;125;0;name11;x
332;199;125;0;name11;x
333;88;125;0;name26;x
334;42;125;0;name26;x
335;38;125;0;name26;x
336;38;125;0;name26;x
337;31;255;255;name11;x
338;26;255;255;name11;x
339;17;255;255;name11;x
340;0;255;255;name11;x
341;0;255;255;name11;x
342;23;255;255;name11;x
343;0;255;255;name11;x
344;35;125;0;name27;x
345;35;125;0;name34;x
346;60;125;0;name27;x
347;71;125;0;name27;x
348;53;125;0;name27;x
349;46;125;0;name27;x
350;38;125;0;name27;x
351;36;125;0;name27;x
352;36;125;0;name27;x
353;36;125;0;name27;x
354;32;125;0;name27;x
355;32;125;0;name27;x
356;32;255;255;name11;x
357;31;255;255;name11;x
358;31;255;255;name11;x
359;31;255;255;name11;x
360;31;255;255;name11;x
361;32;255;255;name11;x
362;32;255;255;name11;x
363;33;255;255;name11;x
364;32;255;255;name11;x
365;32;255;255;name11;x
366;32;255;255;name11;x
367;32;255;255;name11;x
368;32;255;255;name11;x
369;32;255;255;name11;x
370;32;255;255;name11;x
371;32;255;255;name11;x
372;34;125;0;name35;x
373;34;125;0;name35;x
374;34;125;0;name35;x
375;34;125;0;name28;x
376;34;125;0;name28;x
377;34;125;0;name28;x
378;32;255;255;name11;x
379;32;125;0;name28;x
380;32;125;0;name28;x
381;33;125;0;name28;x
382;32;125;0;name13;x
383;33;125;0;name13;x
384;33;125;0;name13;x
385;33;125;0;name29;x
386;33;125;0;name29;x
387;33;125;0;name29;x
388;33;125;0;name29;x
389;34;125;0;name14;x
390;41;125;0;name14;x
391;88;125;0;name14;x
392;109;125;0;name14;x
393;112;125;0;name15;x
394;91;125;0;name15;x
395;60;125;0;name15;x
396;47;125;0;name16;x
397;51;125;0;name16;x
398;64;125;0;name16;x
399;58;125;0;name16;x
400;50;125;0;name16;x
401;44;125;0;name16;x
402;36;125;0;name16;x
403;37;125;0;name16;x
404;42;125;0;name16;x
405;40;125;0;name16;x
406;34;125;0;name16;x
407;44;125;0;name17;x
408;94;125;0;name17;x
409;62;125;0;name17;x
410;41;125;0;name17;x
411;40;125;0;name18;x
412;56;125;0;name18;x
413;64;125;0;name18;x
414;47;125;0;name18;x
415;38;125;0;name18;x
416;35;125;0;name18;x
417;34;125;0;name18;x
418;37;125;0;name30;x
419;33;125;0;name30;x
420;33;125;0;name30;x
421;33;125;0;name30;x
422;33;125;0;name30;x
423;32;125;0;name30;x
424;32;125;0;name30;x
425;40;125;0;name30;x
426;40;125;0;name30;x
427;35;125;0;name36;x
428;33;125;0;name36;x
429;33;125;0;name36;x
430;32;255;255;name11;x
431;42;125;0;name37;x
432;42;125;0;name36;x
433;42;125;0;name37;x
434;37;125;0;name37;x
435;39;125;0;name37;x
436;39;125;0;name37;x
437;33;125;0;name37;x
438;33;125;0;name37;x
439;32;255;255;name11;x
440;32;255;255;name11;x
441;32;255;255;name11;x
442;32;255;255;name11;x
443;32;255;255;name11;x
444;32;255;255;name11;x
445;32;255;255;name11;x
446;32;255;255;name11;x
447;32;255;255;name11;x
448;34;125;0;name31;x
449;34;125;0;name38;x
450;38;125;0;name31;x
451;40;125;0;name31;x
452;36;125;0;name31;x
453;36;125;0;name31;x
454;36;125;0;name31;x
455;40;125;0;name31;x
456;55;125;0;name39;x
457;94;125;0;name40;x
458;94;125;0;name40;x
459;71;125;0;name40;x
460;50;125;0;name40;x
461;32;255;255;name11;x
462;32;255;255;name11;x
463;32;255;255;name11;x
464;33;125;0;name41;x
465;33;125;0;name41;x
466;33;125;0;name41;x
467;33;125;0;name20;x
468;36;125;0;name20;x
469;36;125;0;name20;x
470;34;125;0;name20;x
471;36;125;0;name20;x
472;36;125;0;name20;x
473;41;125;0;name20;x
474;30;255;255;name11;x
475;32;255;255;name11;x
476;37;125;0;name21;x
477;37;125;0;name21;x
478;39;125;0;name21;x
479;39;125;0;name21;x
480;36;125;0;name21;x
481;36;125;0;name21;x
482;34;125;0;name21;x
483;34;125;0;name21;x
484;34;125;0;name21;x
485;34;125;0;name21;x
486;34;125;0;name21;x
487;34;125;0;name21;x
488;33;125;0;name21;x
489;32;255;255;name11;x
490;33;255;255;name11;x
491;32;255;255;name11;x
492;32;255;255;name11;x
493;32;255;255;name11;x
494;33;125;0;name22;x
495;33;125;0;name22;x
496;33;125;0;name22;x
497;33;125;0;name22;x
498;34;125;0;name32;x
499;34;125;0;name22;x
500;32;255;255;name11;x
501;32;255;255;name11;x
502;32;255;255;name11;x
503;31;255;255;name11;x
504;41;125;0;name33;x
505;41;125;0;name33;x
506;41;125;0;name33;x
507;41;125;0;name33;x
508;32;125;0;name33;x
509;32;125;0;name33;x
510;32;255;255;name11;x
511;32;255;255;name11;x
512;32;255;255;name11;x
513;32;255;255;name11;x
514;32;255;255;name11;x
515;37;125;0;name24;x
516;37;125;0;name24;x
517;55;125;0;name24;x
518;55;125;0;name24;x
519;62;125;0;name24;x
520;73;125;0;name24;x
521;32;255;255;name11;x
522;17;255;255;name11;x
523;17;255;255;name11;x
524;32;255;255;name11;x
525;0;255;255;name11;x
526;28;255;255;name11;x
527;31;255;255;name11;x
528;27;255;255;name11;x
529;53;125;0;name25;x
530;53;125;0;name25;x
531;32;125;0;name25;x
532;32;125;0;name42;x
533;99;125;0;name25;x
534;234;125;0;name11;x
535;255;125;0;name11;x
536;255;125;0;name11;x
537;255;125;0;name11;x
538;255;125;0;name11;x
539;255;125;0;name11;x
540;255;125;0;name11;x
541;255;125;0;name11;x
542;255;125;0;name11;x
543;244;125;0;name11;x
544;119;125;0;name26;x
545;119;125;0;name26;x
546;119;125;0;name26;x
547;35;125;0;name26;x
548;26;255;255;name11;x
549;0;255;255;name11;x
550;1;255;255;name11;x
551;0;255;255;name11;x
552;0;255;255;name11;x
553;0;255;255;name11;x
554;1;255;255;name11;x
555;32;255;255;name11;x
556;31;255;255;name11;x
557;40;125;0;name34;x
558;40;125;0;name34;x
559;68;125;0;name34;x
560;75;125;0;name27;x
561;55;125;0;name27;x
562;50;125;0;name27;x
563;46;125;0;name27;x
564;42;125;0;name27;x
565;37;125;0;name27;x
566;38;125;0;name27;x
567;38;125;0;name27;x
568;38;125;0;name27;x
569;41;125;0;name43;x
570;41;125;0;name43;x
571;41;125;0;name43;x
572;40;125;0;name43;x
573;40;125;0;name43;x
574;40;125;0;name43;x
575;32;255;255;name11;x
576;32;255;255;name11;x
577;32;255;255;name11;x
578;33;125;0;name44;x
579;32;255;255;name11;x
580;32;255;255;name11;x
581;32;255;255;name11;x
582;32;255;255;name11;x
583;32;255;255;name11;x
584;32;255;255;name11;x
585;32;255;255;name11;x
586;32;125;0;name35;x
587;32;125;0;name35;x
588;32;255;255;name11;x
589;33;125;0;name35;x
590;33;125;0;name35;x
591;33;125;0;name35;x
592;33;125;0;name35;x
593;33;125;0;name35;x
594;36;125;0;name28;x
595;36;125;0;name28;x
596;36;125;0;name28;x
597;34;125;0;name28;x
598;33;125;0;name28;x
599;33;125;0;name28;x
600;32;125;0;name13;x
601;33;125;0;name29;x
602;33;125;0;name29;x
603;33;125;0;name29;x
604;34;125;0;name29;x
605;34;125;0;name29;x
606;36;125;0;name29;x
607;36;125;0;name29;x
608;60;125;0;name29;x
609;88;125;0;name29;x
610;115;125;0;name15;x
611;88;125;0;name15;x
612;73;125;0;name16;x
613;47;125;0;name16;x
614;42;125;0;name16;x
615;42;125;0;name16;x
616;41;125;0;name16;x
617;46;125;0;name16;x
618;40;125;0;name16;x
619;40;125;0;name16;x
620;40;125;0;name16;x
621;43;125;0;name16;x
622;36;125;0;name16;x
623;34;125;0;name16;x
624;55;125;0;name16;x
625;129;125;0;name17;x
626;80;125;0;name17;x
627;47;125;0;name17;x
628;42;125;0;name17;x
629;60;125;0;name17;x
630;88;125;0;name18;x
631;56;125;0;name18;x
632;33;125;0;name18;x
633;33;125;0;name18;x
634;36;125;0;name18;x
635;34;125;0;name30;x
636;33;125;0;name30;x
637;33;125;0;name30;x
638;33;125;0;name30;x
639;33;125;0;name30;x
640;33;125;0;name30;x
641;41;125;0;name30;x
642;56;125;0;name45;x
643;71;125;0;name36;x
644;38;125;0;name36;x
645;34;125;0;name36;x
646;66;125;0;name37;x
647;80;125;0;name37;x
648;88;125;0;name37;x
649;88;125;0;name37;x
650;46;125;0;name37;x
651;46;125;0;name19;x
652;32;255;255;name11;x
653;32;255;255;name11;x
654;32;255;255;name11;x
655;32;255;255;name11;x
656;32;255;255;name11;x
657;32;255;255;name11;x
658;32;255;255;name11;x
659;33;125;0;name38;x
660;33;125;0;name38;x
661;33;125;0;name38;x
662;44;125;0;name38;x
663;44;125;0;name38;x
664;68;125;0;name38;x
665;78;125;0;name46;x
666;78;125;0;name31;x
667;78;125;0;name47;x
668;94;125;0;name31;x
669;85;125;0;name47;x
670;133;125;0;name47;x
671;164;125;0;name39;x
672;122;125;0;name39;x
673;99;125;0;name48;x
674;60;125;0;name40;x
675;60;125;0;name40;x
676;62;125;0;name41;x
677;62;125;0;name41;x
678;43;125;0;name41;x
679;34;125;0;name41;x
680;38;125;0;name41;x
681;37;125;0;name41;x
682;38;125;0;name20;x
683;42;125;0;name20;x
684;56;125;0;name20;x
685;68;125;0;name20;x
686;68;125;0;name20;x
687;53;125;0;name20;x
688;53;125;0;name20;x
689;38;125;0;name49;x
690;33;125;0;name49;x
691;33;125;0;name49;x
692;32;255;255;name11;x
693;32;255;255;name11;x
694;33;125;0;name21;x
695;33;125;0;name21;x
696;33;125;0;name21;x
697;33;125;0;name21;x
698;33;125;0;name21;x
699;32;255;255;name11;x
700;32;255;255;name11;x
701;32;255;255;name11;x
702;32;255;255;name11;x
703;32;255;255;name11;x
704;32;255;255;name11;x
705;32;255;255;name11;x
706;32;255;255;name11;x
707;34;125;0;name22;x
708;34;125;0;name22;x
709;34;125;0;name22;x
710;34;125;0;name33;x
711;34;125;0;name33;x
712;34;125;0;name32;x
713;33;125;0;name32;x
714;33;125;0;name32;x
715;47;125;0;name32;x
716;47;125;0;name32;x
717;47;125;0;name32;x
718;32;125;0;name32;x
719;32;125;0;name32;x
720;32;125;0;name32;x
721;32;255;255;name11;x
722;32;255;255;name11;x
723;32;255;255;name11;x
724;32;255;255;name11;x
725;32;255;255;name11;x
726;34;125;0;name24;x
727;34;125;0;name24;x
728;44;125;0;name24;x
729;50;125;0;name24;x
730;50;125;0;name24;x
731;50;125;0;name24;x
732;32;255;255;name11;x
733;32;255;255;name11;x
734;26;255;255;name11;x
735;32;255;255;name11;x
736;0;255;255;name11;x
737;28;255;255;name11;x
738;27;255;255;name11;x
739;27;255;255;name11;x
740;32;255;255;name11;x
741;30;255;255;name11;x
742;37;125;0;name42;x
743;37;125;0;name42;x
744;122;125;0;name42;x
745;219;125;0;name11;x
746;255;125;0;name11;x
747;255;125;0;name11;x
748;255;125;0;name11;x
749;255;125;0;name11;x
750;255;125;0;name11;x
751;255;125;0;name11;x
752;250;125;0;name11;x
753;250;125;0;name11;x
754;119;125;0;name11;x
755;78;125;0;name11;x
756;78;125;0;name11;x
757;36;125;0;name11;x
758;29;255;255;name11;x
759;0;255;255;name11;x
760;0;255;255;name11;x
761;23;255;255;name11;x
762;0;255;255;name11;x
763;0;255;255;name11;x
764;0;255;255;name11;x
765;1;255;255;name11;x
766;17;255;255;name11;x
767;17;255;255;name11;x
768;0;255;255;name11;x
769;31;255;255;name11;x
770;0;255;255;name11;x
771;31;255;255;name11;x
772;31;255;255;name11;x
773;58;125;0;name34;x
774;99;125;0;name34;x
775;60;125;0;name34;x
776;43;125;0;name34;x
777;40;125;0;name34;x
778;41;125;0;name34;x
779;42;125;0;name34;x
780;43;125;0;name34;x
781;38;125;0;name34;x
782;40;125;0;name43;x
783;40;125;0;name34;x
784;40;125;0;name43;x
785;40;125;0;name50;x
786;40;125;0;name50;x
787;41;125;0;name50;x
788;32;255;255;name11;x
789;32;255;255;name11;x
790;32;255;255;name11;x
791;32;255;255;name11;x
792;32;255;255;name11;x
793;32;255;255;name11;x
794;34;125;0;name35;x
795;34;125;0;name35;x
796;34;125;0;name35;x
797;33;125;0;name35;x
798;33;125;0;name35;x
799;36;125;0;name35;x
800;36;125;0;name35;x
801;35;125;0;name35;x
802;36;125;0;name35;x
803;36;125;0;name35;x
804;36;125;0;name28;x
805;50;125;0;name28;x
806;36;125;0;name28;x
807;33;125;0;name28;x
808;32;125;0;name28;x
809;33;125;0;name29;x
810;33;125;0;name29;x
811;33;125;0;name29;x
812;33;125;0;name29;x
813;34;125;0;name29;x
814;34;125;0;name29;x
815;34;125;0;name29;x
816;47;125;0;name29;x
817;55;125;0;name29;x
818;78;125;0;name29;x
819;78;125;0;name51;x
820;88;125;0;name51;x
821;56;125;0;name16;x
822;50;125;0;name16;x
823;55;125;0;name16;x
824;51;125;0;name16;x
825;48;125;0;name16;x
826;48;125;0;name16;x
827;48;125;0;name16;x
828;47;125;0;name16;x
829;44;125;0;name16;x
830;44;125;0;name16;x
831;40;125;0;name16;x
832;34;125;0;name52;x
833;66;125;0;name52;x
834;133;125;0;name17;x
835;71;125;0;name17;x
836;47;125;0;name17;x
837;47;125;0;name17;x
838;51;125;0;name17;x
839;109;125;0;name18;x
840;50;125;0;name18;x
841;62;125;0;name18;x
842;36;125;0;name18;x
843;46;125;0;name30;x
844;36;125;0;name30;x
845;33;125;0;name30;x
846;34;125;0;name45;x
847;37;125;0;name45;x
848;41;125;0;name45;x
849;43;125;0;name45;x
850;41;125;0;name45;x
851;55;125;0;name45;x
852;73;125;0;name36;x
853;83;125;0;name36;x
854;64;125;0;name36;x
855;55;125;0;name36;x
856;66;125;0;name37;x
857;83;125;0;name37;x
858;48;125;0;name37;x
859;37;125;0;name19;x
860;33;125;0;name19;x
861;32;255;255;name11;x
862;32;255;255;name11;x
863;32;255;255;name11;x
864;32;255;255;name11;x
865;32;255;255;name11;x
866;32;255;255;name11;x
867;32;255;255;name11;x
868;32;255;255;name11;x
869;32;125;0;name46;x
870;36;125;0;name46;x
871;46;125;0;name46;x
872;46;125;0;name47;x
873;85;125;0;name47;x
874;83;125;0;name47;x
875;71;125;0;name47;x
876;99;125;0;name47;x
877;68;125;0;name48;x
878;50;125;0;name48;x
879;50;125;0;name48;x
880;60;125;0;name40;x
881;55;125;0;name41;x
882;75;125;0;name41;x
883;34;125;0;name41;x
884;38;125;0;name41;x
885;40;125;0;name41;x
886;43;125;0;name20;x
887;46;125;0;name20;x
888;50;125;0;name20;x
889;48;125;0;name20;x
890;48;125;0;name20;x
891;50;125;0;name20;x
892;50;125;0;name49;x
893;46;125;0;name49;x
894;44;125;0;name21;x
895;34;125;0;name21;x
896;37;125;0;name21;x
897;37;125;0;name21;x
898;35;125;0;name22;x
899;34;125;0;name22;x
900;34;125;0;name22;x
901;34;125;0;name22;x
902;33;125;0;name22;x
903;33;125;0;name22;x
904;35;125;0;name22;x
905;42;125;0;name22;x
906;47;125;0;name32;x
907;41;125;0;name32;x
908;38;125;0;name32;x
909;43;125;0;name32;x
910;43;125;0;name32;x
911;36;125;0;name32;x
912;32;255;255;name11;x
913;32;255;255;name11;x
914;32;255;255;name11;x
915;32;255;255;name11;x
916;32;255;255;name11;x
917;32;255;255;name11;x
918;32;255;255;name11;x
919;32;255;255;name11;x
920;35;125;0;name24;x
921;35;125;0;name24;x
922;51;125;0;name24;x
923;51;125;0;name24;x
924;112;125;0;name24;x
925;112;125;0;name24;x
926;78;125;0;name24;x
927;32;255;255;name11;x
928;0;255;255;name11;x
929;17;255;255;name11;x
930;0;255;255;name11;x
931;32;255;255;name11;x
932;0;255;255;name11;x
933;30;255;255;name11;x
934;38;125;0;name42;x
935;38;125;0;name42;x
936;50;125;0;name42;x
937;50;125;0;name42;x
938;106;125;0;name42;x
939;229;125;0;name11;x
940;255;125;0;name11;x
941;255;125;0;name11;x
942;255;125;0;name11;x
943;255;125;0;name11;x
944;255;125;0;name11;x
945;133;125;0;name11;x
946;133;125;0;name11;x
947;30;255;255;name11;x
948;30;255;255;name11;x
949;30;255;255;name11;x
950;29;255;255;name11;x
951;29;255;255;name11;x
952;29;255;255;name11;x
953;0;255;255;name11;x
954;23;255;255;name11;x
955;23;255;255;name11;x
956;34;255;255;name11;x
957;26;255;255;name11;x
958;23;255;255;name11;x
959;36;125;0;name53;x
960;33;125;0;name53;x
961;31;255;255;name11;x
962;0;255;255;name11;x
963;26;255;255;name11;x
964;30;255;255;name11;x
965;31;255;255;name11;x
966;31;255;255;name11;x
967;46;125;0;name54;x
968;46;125;0;name54;x
969;91;125;0;name34;x
970;62;125;0;name34;x
971;48;125;0;name34;x
972;48;125;0;name34;x
973;36;125;0;name34;x
974;36;125;0;name34;x
975;34;125;0;name34;x
976;37;125;0;name34;x
977;37;125;0;name34;x
978;43;125;0;name34;x
979;40;125;0;name34;x
980;34;125;0;name34;x
981;32;255;255;name11;x
982;32;255;255;name11;x
983;32;255;255;name11;x
984;32;255;255;name11;x
985;33;125;0;name50;x
986;32;255;255;name11;x
987;35;255;255;name11;x
988;33;125;0;name55;x
989;33;125;0;name55;x
990;33;125;0;name55;x
991;34;125;0;name35;x
992;34;125;0;name55;x
993;34;125;0;name35;x
994;36;125;0;name35;x
995;34;125;0;name35;x
996;36;125;0;name35;x
997;34;125;0;name35;x
998;34;125;0;name35;x
999;34;125;0;name35;x
1000;44;125;0;name28;x
1001;33;125;0;name28;x
1002;33;125;0;name28;x
1003;33;125;0;name28;x
1004;33;125;0;name28;x
1005;34;125;0;name28;x
1006;34;125;0;name29;x
1007;33;125;0;name29;x
1008;33;125;0;name29;x
1009;33;125;0;name29;x
1010;33;125;0;name29;x
1011;33;125;0;name29;x
1012;51;125;0;name29;x
1013;48;125;0;name29;x
1014;64;125;0;name29;x
1015;75;125;0;name51;x
1016;68;125;0;name16;x
1017;68;125;0;name16;x
1018;64;125;0;name16;x
1019;62;125;0;name16;x
1020;64;125;0;name16;x
1021;71;125;0;name16;x
1022;58;125;0;name16;x
1023;53;125;0;name16;x
1024;48;125;0;name16;x
1025;46;125;0;name16;x
1026;41;125;0;name16;x
1027;38;125;0;name16;x
1028;34;125;0;name52;x
1029;55;125;0;name52;x
1030;129;125;0;name52;x
1031;96;125;0;name17;x
1032;64;125;0;name17;x
1033;83;125;0;name17;x
1034;88;125;0;name17;x
1035;160;125;0;name18;x
1036;144;125;0;name18;x
1037;53;125;0;name18;x
1038;129;125;0;name18;x
1039;62;125;0;name30;x
1040;35;125;0;name30;x
1041;37;125;0;name45;x
1042;58;125;0;name45;x
1043;53;125;0;name45;x
1044;47;125;0;name45;x
1045;60;125;0;name45;x
1046;71;125;0;name45;x
1047;75;125;0;name45;x
1048;78;125;0;name36;x
1049;55;125;0;name36;x
1050;55;125;0;name36;x
1051;43;125;0;name36;x
1052;39;125;0;name37;x
1053;44;125;0;name37;x
1054;44;125;0;name37;x
1055;44;125;0;name37;x
1056;41;125;0;name37;x
1057;41;125;0;name19;x
1058;41;125;0;name19;x
1059;41;125;0;name19;x
1060;41;125;0;name19;x
1061;38;125;0;name19;x
1062;38;125;0;name19;x
1063;38;125;0;name19;x
1064;38;125;0;name19;x
1065;38;125;0;name19;x
1066;40;125;0;name19;x
1067;32;255;255;name11;x
1068;32;255;255;name11;x
1069;32;255;255;name11;x
1070;33;125;0;name46;x
1071;33;125;0;name46;x
1072;33;125;0;name46;x
1073;40;125;0;name46;x
1074;42;125;0;name47;x
1075;40;125;0;name47;x
1076;44;125;0;name47;x
1077;47;125;0;name47;x
1078;38;125;0;name48;x
1079;38;125;0;name48;x
1080;37;125;0;name48;x
1081;44;125;0;name48;x
1082;80;125;0;name40;x
1083;62;125;0;name41;x
1084;75;125;0;name41;x
1085;44;125;0;name41;x
1086;39;125;0;name41;x
1087;34;125;0;name41;x
1088;39;125;0;name20;x
1089;43;125;0;name20;x
1090;40;125;0;name20;x
1091;39;125;0;name20;x
1092;38;125;0;name20;x
1093;50;125;0;name20;x
1094;53;125;0;name20;x
1095;60;125;0;name49;x
1096;56;125;0;name21;x
1097;50;125;0;name21;x
1098;44;125;0;name21;x
1099;41;125;0;name22;x
1100;39;125;0;name22;x
1101;37;125;0;name22;x
1102;36;125;0;name22;x
1103;42;125;0;name22;x
1104;47;125;0;name22;x
1105;44;125;0;name32;x
1106;44;125;0;name32;x
1107;33;125;0;name32;x
1108;33;125;0;name32;x
1109;32;255;255;name11;x
1110;32;255;255;name11;x
1111;32;255;255;name11;x
1112;32;255;255;name11;x
1113;31;255;255;name11;x
1114;31;255;255;name11;x
1115;32;255;255;name11;x
1116;32;255;255;name11;x
1117;33;125;0;name24;x
1118;33;125;0;name24;x
1119;34;125;0;name24;x
1120;35;125;0;name24;x
1121;32;125;0;name24;x
1122;32;125;0;name24;x
1123;80;125;0;name24;x
1124;80;125;0;name56;x
1125;50;125;0;name56;x
1126;17;255;255;name11;x
1127;27;255;255;name11;x
1128;0;255;255;name11;x
1129;30;255;255;name11;x
1130;40;125;0;name42;x
1131;136;125;0;name42;x
1132;144;125;0;name11;x
1133;255;125;0;name11;x
1134;255;125;0;name11;x
1135;255;125;0;name11;x
1136;250;125;0;name57;x
1137;250;125;0;name57;x
1138;122;125;0;name57;x
1139;85;125;0;name11;x
1140;30;255;255;name11;x
1141;23;255;255;name11;x
1142;30;255;255;name11;x
1143;28;255;255;name11;x
1144;17;255;255;name11;x
1145;29;255;255;name11;x
1146;34;125;0;name26;x
1147;34;125;0;name26;x
1148;34;125;0;name26;x
1149;32;255;255;name11;x
1150;32;125;0;name26;x
1151;99;125;0;name53;x
1152;62;125;0;name53;x
1153;31;255;255;name11;x
1154;31;255;255;name11;x
1155;1;255;255;name11;x
1156;29;255;255;name11;x
1157;30;255;255;name11;x
1158;32;255;255;name11;x
1159;32;125;0;name54;x
1160;32;125;0;name54;x
1161;66;125;0;name54;x
1162;71;125;0;name54;x
1163;51;125;0;name54;x
1164;43;125;0;name54;x
1165;43;125;0;name54;x
1166;43;125;0;name54;x
1167;32;255;255;name11;x
1168;32;255;255;name11;x
1169;34;125;0;name34;x
1170;40;125;0;name34;x
1171;37;125;0;name34;x
1172;36;125;0;name34;x
1173;32;125;0;name34;x
1174;32;125;0;name34;x
1175;32;255;255;name11;x
1176;32;255;255;name11;x
1177;32;255;255;name11;x
1178;35;125;0;name55;x
1179;35;125;0;name55;x
1180;33;125;0;name55;x
1181;34;125;0;name55;x
1182;37;125;0;name35;x
1183;40;125;0;name35;x
1184;36;125;0;name35;x
1185;36;125;0;name35;x
1186;35;125;0;name35;x
1187;53;125;0;name35;x
1188;58;125;0;name35;x
1189;34;125;0;name28;x
1190;33;125;0;name28;x
1191;34;125;0;name28;x
1192;34;125;0;name28;x
1193;34;125;0;name28;x
1194;34;125;0;name28;x
1195;34;125;0;name29;x
1196;33;125;0;name29;x
1197;33;125;0;name29;x
1198;34;125;0;name29;x
1199;34;125;0;name29;x
1200;33;125;0;name29;x
1201;53;125;0;name29;x
1202;56;125;0;name29;x
1203;48;125;0;name29;x
1204;60;125;0;name16;x
1205;64;125;0;name16;x
1206;56;125;0;name16;x
1207;56;125;0;name16;x
1208;66;125;0;name16;x
1209;60;125;0;name16;x
1210;56;125;0;name16;x
1211;58;125;0;name16;x
1212;55;125;0;name16;x
1213;46;125;0;name16;x
1214;41;125;0;name16;x
1215;38;125;0;name16;x
1216;39;125;0;name52;x
1217;34;125;0;name52;x
1218;43;125;0;name52;x
1219;109;125;0;name52;x
1220;125;125;0;name17;x
1221;115;125;0;name17;x
1222;109;125;0;name17;x
1223;112;125;0;name17;x
1224;122;125;0;name58;x
1225;140;125;0;name58;x
1226;122;125;0;name58;x
1227;190;125;0;name58;x
1228;115;125;0;name59;x
1229;50;125;0;name59;x
1230;42;125;0;name45;x
1231;47;125;0;name45;x
1232;47;125;0;name45;x
1233;64;125;0;name45;x
1234;58;125;0;name45;x
1235;96;125;0;name45;x
1236;85;125;0;name60;x
1237;64;125;0;name36;x
1238;44;125;0;name36;x
1239;34;125;0;name36;x
1240;34;125;0;name36;x
1241;33;125;0;name61;x
1242;36;125;0;name61;x
1243;36;125;0;name61;x
1244;32;255;255;name11;x
1245;32;255;255;name11;x
1246;32;255;255;name11;x
1247;32;255;255;name11;x
1248;36;125;0;name19;x
1249;36;125;0;name19;x
1250;42;125;0;name19;x
1251;42;125;0;name19;x
1252;32;255;255;name11;x
1253;32;255;255;name11;x
1254;32;255;255;name11;x
1255;32;255;255;name11;x
1256;32;255;255;name11;x
1257;34;125;0;name46;x
1258;34;125;0;name46;x
1259;38;125;0;name46;x
1260;38;125;0;name46;x
1261;38;125;0;name46;x
1262;47;125;0;name46;x
1263;36;125;0;name47;x
1264;41;125;0;name47;x
1265;44;125;0;name47;x
1266;42;125;0;name47;x
1267;41;125;0;name48;x
1268;55;125;0;name48;x
1269;94;125;0;name48;x
1270;88;125;0;name48;x
1271;96;125;0;name41;x
1272;129;125;0;name41;x
1273;133;125;0;name62;x
1274;136;125;0;name62;x
1275;160;125;0;name62;x
1276;148;125;0;name62;x
1277;80;125;0;name20;x
1278;41;125;0;name20;x
1279;41;125;0;name20;x
1280;43;125;0;name20;x
1281;44;125;0;name20;x
1282;47;125;0;name20;x
1283;55;125;0;name20;x
1284;53;125;0;name49;x
1285;55;125;0;name49;x
1286;50;125;0;name49;x
1287;46;125;0;name49;x
1288;42;125;0;name22;x
1289;40;125;0;name22;x
1290;37;125;0;name22;x
1291;36;125;0;name22;x
1292;36;125;0;name22;x
1293;39;125;0;name22;x
1294;40;125;0;name22;x
1295;40;125;0;name22;x
1296;40;125;0;name22;x
1297;37;125;0;name32;x
1298;37;125;0;name22;x
1299;33;125;0;name32;x
1300;38;125;0;name32;x
1301;38;125;0;name32;x
1302;38;125;0;name32;x
1303;31;255;255;name11;x
1304;31;255;255;name11;x
1305;32;255;255;name11;x
1306;31;255;255;name11;x
1307;31;255;255;name11;x
1308;32;255;255;name11;x
1309;34;125;0;name24;x
1310;33;125;0;name24;x
1311;33;125;0;name24;x
1312;35;125;0;name24;x
1313;36;125;0;name24;x
1314;51;125;0;name24;x
1315;40;125;0;name24;x
1316;40;125;0;name24;x
1317;31;255;255;name11;x
1318;31;255;255;name11;x
1319;31;255;255;name11;x
1320;31;255;255;name11;x
1321;27;255;255;name11;x
1322;0;255;255;name11;x
1323;31;255;255;name11;x
1324;0;255;255;name11;x
1325;41;125;0;name42;x
1326;41;125;0;name42;x
1327;144;125;0;name11;x
1328;255;125;0;name11;x
1329;255;125;0;name11;x
1330;255;125;0;name11;x
1331;71;125;0;name57;x
1332;71;125;0;name57;x
1333;71;125;0;name57;x
1334;29;255;255;name11;x
1335;28;255;255;name11;x
1336;28;255;255;name11;x
1337;23;255;255;name11;x
1338;0;255;255;name11;x
1339;17;255;255;name11;x
1340;31;255;255;name11;x
1341;27;255;255;name11;x
1342;33;125;0;name26;x
1343;33;125;0;name26;x
1344;47;125;0;name26;x
1345;47;125;0;name26;x
1346;47;125;0;name26;x
1347;83;125;0;name26;x
1348;32;255;255;name11;x
1349;27;255;255;name11;x
1350;0;255;255;name11;x
1351;31;255;255;name11;x
1352;62;255;255;name11;x
1353;32;255;255;name11;x
1354;43;125;0;name54;x
1355;62;125;0;name54;x
1356;47;125;0;name54;x
1357;44;125;0;name54;x
1358;44;125;0;name54;x
1359;34;125;0;name54;x
1360;34;125;0;name54;x
1361;32;255;255;name11;x
1362;35;125;0;name54;x
1363;35;125;0;name54;x
1364;35;125;0;name54;x
1365;36;125;0;name34;x
1366;38;125;0;name34;x
1367;39;125;0;name34;x
1368;37;125;0;name34;x
1369;35;125;0;name34;x
1370;35;125;0;name34;x
1371;34;125;0;name34;x
1372;34;125;0;name63;x
1373;34;125;0;name55;x
1374;33;125;0;name55;x
1375;36;125;0;name55;x
1376;36;125;0;name55;x
1377;37;125;0;name55;x
1378;38;125;0;name64;x
1379;37;125;0;name64;x
1380;36;125;0;name64;x
1381;36;125;0;name35;x
1382;48;125;0;name35;x
1383;34;125;0;name28;x
1384;34;125;0;name28;x
1385;33;125;0;name28;x
1386;33;125;0;name28;x
1387;34;125;0;name28;x
1388;34;125;0;name28;x
1389;34;125;0;name28;x
1390;34;125;0;name28;x
1391;34;125;0;name29;x
1392;34;125;0;name29;x
1393;34;125;0;name29;x
1394;34;125;0;name29;x
1395;33;125;0;name29;x
1396;43;125;0;name29;x
1397;48;125;0;name29;x
1398;55;125;0;name29;x
1399;50;125;0;name29;x
1400;51;125;0;name16;x
1401;53;125;0;name16;x
1402;55;125;0;name16;x
1403;48;125;0;name16;x
1404;47;125;0;name16;x
1405;50;125;0;name16;x
1406;51;125;0;name16;x
1407;51;125;0;name16;x
1408;43;125;0;name16;x
1409;37;125;0;name16;x
1410;36;125;0;name52;x
1411;36;125;0;name52;x
1412;36;125;0;name52;x
1413;35;125;0;name52;x
1414;36;125;0;name65;x
1415;41;125;0;name65;x
1416;53;125;0;name65;x
1417;80;125;0;name65;x
1418;88;125;0;name65;x
1419;164;125;0;name58;x
1420;115;125;0;name58;x
1421;125;125;0;name58;x
1422;122;125;0;name58;x
1423;148;125;0;name59;x
1424;83;125;0;name59;x
1425;58;125;0;name59;x
1426;53;125;0;name59;x
1427;73;125;0;name45;x
1428;102;125;0;name45;x
1429;83;125;0;name45;x
1430;78;125;0;name60;x
1431;71;125;0;name60;x
1432;39;125;0;name36;x
1433;40;125;0;name36;x
1434;43;125;0;name61;x
1435;43;125;0;name61;x
1436;36;125;0;name61;x
1437;33;125;0;name61;x
1438;32;255;255;name11;x
1439;32;255;255;name11;x
1440;32;255;255;name11;x
1441;32;255;255;name11;x
1442;32;255;255;name11;x
1443;32;255;255;name11;x
1444;32;255;255;name11;x
1445;33;125;0;name19;x
1446;32;255;255;name11;x
1447;32;255;255;name11;x
1448;32;255;255;name11;x
1449;32;255;255;name11;x
1450;32;255;255;name11;x
1451;32;255;255;name11;x
1452;32;255;255;name11;x
1453;32;125;0;name46;x
1454;32;125;0;name46;x
1455;46;125;0;name46;x
1456;34;125;0;name46;x
1457;43;125;0;name47;x
1458;47;125;0;name47;x
1459;55;125;0;name47;x
1460;112;125;0;name47;x
1461;177;125;0;name48;x
1462;109;125;0;name48;x
1463;85;125;0;name41;x
1464;88;125;0;name41;x
1465;85;125;0;name62;x
1466;91;125;0;name62;x
1467;106;125;0;name62;x
1468;148;125;0;name62;x
1469;195;125;0;name62;x
1470;168;125;0;name62;x
1471;71;125;0;name62;x
1472;55;125;0;name20;x
1473;47;125;0;name20;x
1474;48;125;0;name20;x
1475;42;125;0;name20;x
1476;48;125;0;name49;x
1477;55;125;0;name49;x
1478;53;125;0;name49;x
1479;51;125;0;name49;x
1480;47;125;0;name49;x
1481;46;125;0;name22;x
1482;43;125;0;name22;x
1483;40;125;0;name22;x
1484;36;125;0;name22;x
1485;34;125;0;name22;x
1486;33;125;0;name22;x
1487;33;125;0;name22;x
1488;33;125;0;name22;x
1489;32;255;255;name11;x
1490;32;125;0;name32;x
1491;32;125;0;name32;x
1492;33;125;0;name32;x
1493;32;255;255;name11;x
1494;32;255;255;name11;x
1495;31;255;255;name11;x
1496;32;255;255;name11;x
1497;34;255;255;name11;x
1498;31;255;255;name11;x
1499;32;255;255;name11;x
1500;32;255;255;name11;x
1501;31;255;255;name11;x
1502;41;125;0;name24;x
1503;41;125;0;name24;x
1504;46;125;0;name24;x
1505;46;125;0;name24;x
1506;46;125;0;name24;x
1507;46;125;0;name24;x
1508;68;125;0;name24;x
1509;68;125;0;name24;x
1510;38;125;0;name24;x
1511;31;255;255;name11;x
1512;0;255;255;name11;x
1513;0;255;255;name11;x
1514;0;255;255;name11;x
1515;38;125;0;name42;x
1516;38;125;0;name42;x
1517;140;125;0;name66;x
1518;255;125;0;name11;x
1519;255;125;0;name11;x
1520;234;125;0;name57;x
1521;234;125;0;name57;x
1522;234;125;0;name57;x
1523;36;125;0;name57;x
1524;27;255;255;name11;x
1525;27;255;255;name11;x
1526;0;255;255;name11;x
1527;0;255;255;name11;x
1528;27;255;255;name11;x
1529;32;255;255;name11;x
1530;32;255;255;name11;x
1531;32;255;255;name11;x
1532;32;255;255;name11;x
1533;46;125;0;name26;x
1534;0;255;255;name11;x
1535;31;255;255;name11;x
1536;17;255;255;name11;x
1537;17;255;255;name11;x
1538;32;255;255;name11;x
1539;62;125;0;name67;x
1540;133;125;0;name67;x
1541;133;125;0;name67;x
1542;96;125;0;name54;x
1543;75;125;0;name54;x
1544;47;125;0;name54;x
1545;33;125;0;name54;x
1546;33;125;0;name54;x
1547;32;255;255;name11;x
1548;34;125;0;name54;x
1549;34;125;0;name54;x
1550;37;125;0;name54;x
1551;36;125;0;name54;x
1552;34;125;0;name34;x
1553;36;125;0;name34;x
1554;37;125;0;name34;x
1555;33;125;0;name34;x
1556;36;125;0;name63;x
1557;36;125;0;name63;x
1558;36;125;0;name63;x
1559;34;125;0;name63;x
1560;36;125;0;name63;x
1561;38;125;0;name63;x
1562;36;125;0;name64;x
1563;36;125;0;name64;x
1564;37;125;0;name64;x
1565;36;125;0;name64;x
1566;48;125;0;name64;x
1567;34;125;0;name64;x
1568;35;125;0;name28;x
1569;34;125;0;name28;x
1570;34;125;0;name28;x
1571;34;125;0;name28;x
1572;34;125;0;name28;x
1573;34;125;0;name28;x
1574;34;125;0;name28;x
1575;34;125;0;name29;x
1576;35;125;0;name29;x
1577;36;125;0;name29;x
1578;36;125;0;name29;x
1579;36;125;0;name29;x
1580;36;125;0;name29;x
1581;44;125;0;name29;x
1582;56;125;0;name29;x
1583;64;125;0;name29;x
1584;55;125;0;name16;x
1585;51;125;0;name16;x
1586;50;125;0;name16;x
1587;53;125;0;name16;x
1588;48;125;0;name16;x
1589;46;125;0;name16;x
1590;46;125;0;name16;x
1591;48;125;0;name16;x
1592;43;125;0;name16;x
1593;39;125;0;name16;x
1594;44;125;0;name52;x
1595;47;125;0;name52;x
1596;44;125;0;name52;x
1597;42;125;0;name52;x
1598;41;125;0;name65;x
1599;36;125;0;name65;x
1600;40;125;0;name65;x
1601;39;125;0;name65;x
1602;66;125;0;name65;x
1603;152;125;0;name58;x
1604;199;125;0;name58;x
1605;156;125;0;name58;x
1606;140;125;0;name58;x
1607;99;125;0;name59;x
1608;83;125;0;name59;x
1609;60;125;0;name59;x
1610;68;125;0;name59;x
1611;80;125;0;name59;x
1612;68;125;0;name60;x
1613;68;125;0;name60;x
1614;42;125;0;name60;x
1615;36;125;0;name60;x
1616;38;125;0;name60;x
1617;38;125;0;name60;x
1618;85;125;0;name60;x
1619;73;125;0;name61;x
1620;46;125;0;name61;x
1621;46;125;0;name61;x
1622;46;125;0;name61;x
1623;37;125;0;name61;x
1624;37;125;0;name61;x
1625;35;125;0;name61;x
1626;32;255;255;name11;x
1627;29;255;255;name11;x
1628;32;255;255;name11;x
1629;32;255;255;name11;x
1630;32;255;255;name11;x
1631;32;255;255;name11;x
1632;32;255;255;name11;x
1633;32;255;255;name11;x
1634;32;255;255;name11;x
1635;32;255;255;name11;x
1636;32;125;0;name46;x
1637;32;125;0;name46;x
1638;35;125;0;name46;x
1639;33;125;0;name46;x
1640;42;125;0;name46;x
1641;42;125;0;name47;x
1642;94;125;0;name47;x
1643;66;125;0;name47;x
1644;99;125;0;name47;x
1645;99;125;0;name48;x
1646;99;125;0;name68;x
1647;156;125;0;name68;x
1648;91;125;0;name41;x
1649;115;125;0;name62;x
1650;94;125;0;name62;x
1651;129;125;0;name62;x
1652;125;125;0;name11;x
1653;148;125;0;name11;x
1654;199;125;0;name62;x
1655;140;125;0;name20;x
1656;47;125;0;name20;x
1657;47;125;0;name20;x
1658;48;125;0;name20;x
1659;41;125;0;name49;x
1660;38;125;0;name49;x
1661;42;125;0;name49;x
1662;44;125;0;name49;x
1663;51;125;0;name49;x
1664;50;125;0;name22;x
1665;47;125;0;name22;x
1666;44;125;0;name22;x
1667;43;125;0;name22;x
1668;37;125;0;name22;x
1669;34;125;0;name22;x
1670;34;125;0;name22;x
1671;32;125;0;name22;x
1672;32;255;255;name11;x
1673;32;255;255;name11;x
1674;32;255;255;name11;x
1675;32;255;255;name11;x
1676;32;255;255;name11;x
1677;32;255;255;name11;x
1678;32;255;255;name11;x
1679;32;255;255;name11;x
1680;32;255;255;name11;x
1681;31;255;255;name11;x
1682;32;255;255;name11;x
1683;34;125;0;name69;x
1684;33;125;0;name69;x
1685;33;125;0;name69;x
1686;32;125;0;name69;x
1687;31;255;255;name11;x
1688;33;125;0;name24;x
1689;39;125;0;name24;x
1690;32;255;255;name11;x
1691;27;255;255;name11;x
1692;32;255;255;name11;x
1693;27;255;255;name11;x
1694;28;255;255;name11;x
1695;0;255;255;name11;x
1696;0;255;255;name11;x
1697;0;255;255;name11;x
1698;17;255;255;name11;x
1699;17;255;255;name11;x
1700;17;255;255;name11;x
1701;17;255;255;name11;x
1702;73;125;0;name66;x
1703;73;125;0;name66;x
1704;255;125;0;name11;x
1705;255;125;0;name57;x
1706;85;125;0;name57;x
1707;23;255;255;name11;x
1708;0;255;255;name11;x
1709;0;255;255;name11;x
1710;0;255;255;name11;x
1711;0;255;255;name11;x
1712;0;255;255;name11;x
1713;0;255;255;name11;x
1714;0;255;255;name11;x
1715;29;255;255;name11;x
1716;0;255;255;name11;x
1717;32;255;255;name11;x
1718;27;255;255;name11;x
1719;30;255;255;name11;x
1720;31;255;255;name11;x
1721;32;255;255;name11;x
1722;99;125;0;name67;x
1723;99;125;0;name67;x
1724;99;125;0;name67;x
1725;102;125;0;name67;x
1726;53;125;0;name54;x
1727;56;125;0;name54;x
1728;43;125;0;name54;x
1729;43;125;0;name54;x
1730;43;125;0;name54;x
1731;43;125;0;name54;x
1732;32;255;255;name11;x
1733;32;255;255;name11;x
1734;32;255;255;name11;x
1735;32;255;255;name11;x
1736;33;125;0;name54;x
1737;36;125;0;name54;x
1738;36;125;0;name54;x
1739;34;125;0;name54;x
1740;33;125;0;name54;x
1741;32;125;0;name54;x
1742;33;125;0;name34;x
1743;34;125;0;name34;x
1744;37;125;0;name63;x
1745;36;125;0;name63;x
1746;37;125;0;name63;x
1747;36;125;0;name63;x
1748;36;125;0;name63;x
1749;36;125;0;name63;x
1750;37;125;0;name64;x
1751;38;125;0;name64;x
1752;37;125;0;name64;x
1753;40;125;0;name64;x
1754;53;125;0;name64;x
1755;36;125;0;name64;x
1756;34;125;0;name64;x
1757;34;125;0;name64;x
1758;33;125;0;name28;x
1759;33;125;0;name28;x
1760;33;125;0;name28;x
1761;34;125;0;name28;x
1762;33;125;0;name28;x
1763;34;125;0;name29;x
1764;34;125;0;name29;x
1765;35;125;0;name29;x
1766;36;125;0;name29;x
1767;36;125;0;name29;x
1768;34;125;0;name29;x
1769;47;125;0;name29;x
1770;44;125;0;name29;x
1771;55;125;0;name29;x
1772;55;125;0;name16;x
1773;51;125;0;name16;x
1774;50;125;0;name16;x
1775;53;125;0;name16;x
1776;48;125;0;name16;x
1777;48;125;0;name16;x
1778;55;125;0;name16;x
1779;51;125;0;name16;x
1780;47;125;0;name16;x
1781;46;125;0;name16;x
1782;47;125;0;name52;x
1783;48;125;0;name52;x
1784;48;125;0;name52;x
1785;48;125;0;name65;x
1786;47;125;0;name65;x
1787;46;125;0;name65;x
1788;46;125;0;name65;x
1789;41;125;0;name65;x
1790;85;125;0;name65;x
1791;129;125;0;name70;x
1792;109;125;0;name70;x
1793;99;125;0;name70;x
1794;88;125;0;name70;x
1795;102;125;0;name59;x
1796;106;125;0;name59;x
1797;109;125;0;name59;x
1798;96;125;0;name59;x
1799;33;125;0;name59;x
1800;33;125;0;name59;x
1801;32;255;255;name11;x
1802;34;125;0;name60;x
1803;34;125;0;name60;x
1804;34;125;0;name60;x
1805;32;125;0;name60;x
1806;47;125;0;name60;x
1807;47;125;0;name60;x
1808;47;125;0;name60;x
1809;47;125;0;name60;x
1810;44;125;0;name60;x
1811;47;125;0;name60;x
1812;47;125;0;name60;x
1813;38;125;0;name61;x
1814;30;255;255;name11;x
1815;30;255;255;name11;x
1816;30;255;255;name11;x
1817;0;255;255;name11;x
1818;0;255;255;name11;x
1819;1;255;255;name11;x
1820;29;255;255;name11;x
1821;32;255;255;name11;x
1822;32;255;255;name11;x
1823;32;255;255;name11;x
1824;32;255;255;name11;x
1825;32;255;255;name11;x
1826;32;255;255;name11;x
1827;33;125;0;name46;x
1828;33;125;0;name46;x
1829;32;125;0;name46;x
1830;42;125;0;name46;x
1831;43;125;0;name46;x
1832;47;125;0;name46;x
1833;112;125;0;name47;x
1834;36;125;0;name47;x
1835;75;125;0;name47;x
1836;75;125;0;name47;x
1837;75;125;0;name47;x
1838;48;125;0;name48;x
1839;78;125;0;name68;x
1840;78;125;0;name68;x
1841;177;125;0;name68;x
1842;177;125;0;name68;x
1843;250;125;0;name68;x
1844;250;125;0;name68;x
1845;186;125;0;name71;x
1846;133;125;0;name62;x
1847;129;125;0;name62;x
1848;136;125;0;name11;x
1849;129;125;0;name11;x
1850;133;125;0;name20;x
1851;125;125;0;name20;x
1852;55;125;0;name20;x
1853;55;125;0;name20;x
1854;43;125;0;name49;x
1855;40;125;0;name49;x
1856;39;125;0;name49;x
1857;39;125;0;name49;x
1858;47;125;0;name49;x
1859;55;125;0;name49;x
1860;53;125;0;name22;x
1861;50;125;0;name22;x
1862;47;125;0;name22;x
1863;46;125;0;name22;x
1864;39;125;0;name22;x
1865;34;125;0;name22;x
1866;34;125;0;name22;x
1867;32;255;255;name11;x
1868;32;255;255;name11;x
1869;31;255;255;name11;x
1870;31;255;255;name11;x
1871;31;255;255;name11;x
1872;32;255;255;name11;x
1873;32;255;255;name11;x
1874;32;255;255;name11;x
1875;33;125;0;name69;x
1876;33;125;0;name69;x
1877;43;125;0;name69;x
1878;53;125;0;name69;x
1879;42;125;0;name69;x
1880;31;255;255;name11;x
1881;31;255;255;name11;x
1882;31;255;255;name11;x
1883;27;255;255;name11;x
1884;27;255;255;name11;x
1885;31;255;255;name11;x
1886;27;255;255;name11;x
1887;27;255;255;name11;x
1888;0;255;255;name11;x
1889;0;255;255;name11;x
1890;0;255;255;name11;x
1891;0;255;255;name11;x
1892;29;255;255;name11;x
1893;51;125;0;name11;x
1894;94;125;0;name11;x
1895;94;125;0;name57;x
1896;48;125;0;name57;x
1897;0;255;255;name11;x
1898;0;255;255;name11;x
1899;0;255;255;name11;x
1900;0;255;255;name11;x
1901;0;255;255;name11;x
1902;0;255;255;name11;x
1903;27;255;255;name11;x
1904;32;255;255;name11;x
1905;32;255;255;name11;x
1906;32;255;255;name11;x
1907;32;255;255;name11;x
1908;32;255;255;name11;x
1909;32;255;255;name11;x
1910;94;125;0;name67;x
1911;56;125;0;name67;x
1912;56;125;0;name67;x
1913;36;125;0;name54;x
1914;36;125;0;name67;x
1915;36;125;0;name67;x
1916;36;125;0;name67;x
1917;36;125;0;name67;x
1918;35;125;0;name54;x
1919;33;125;0;name54;x
1920;32;255;255;name11;x
1921;32;255;255;name11;x
1922;32;255;255;name11;x
1923;32;255;255;name11;x
1924;32;255;255;name11;x
1925;33;125;0;name54;x
1926;33;125;0;name54;x
1927;33;125;0;name54;x
1928;34;125;0;name54;x
1929;37;125;0;name54;x
1930;36;125;0;name63;x
1931;36;125;0;name63;x
1932;37;125;0;name63;x
1933;38;125;0;name63;x
1934;38;125;0;name63;x
1935;38;125;0;name64;x
1936;38;125;0;name64;x
1937;39;125;0;name64;x
1938;38;125;0;name64;x
1939;38;125;0;name64;x
1940;55;125;0;name64;x
1941;36;125;0;name72;x
1942;34;125;0;name72;x
1943;34;125;0;name72;x
1944;33;125;0;name72;x
1945;34;125;0;name72;x
1946;34;125;0;name72;x
1947;34;125;0;name28;x
1948;34;125;0;name28;x
1949;34;125;0;name28;x
1950;34;125;0;name29;x
1951;35;125;0;name29;x
1952;36;125;0;name29;x
1953;36;125;0;name29;x
1954;36;125;0;name29;x
1955;41;125;0;name29;x
1956;60;125;0;name29;x
1957;55;125;0;name16;x
1958;48;125;0;name16;x
1959;44;125;0;name16;x
1960;47;125;0;name16;x
1961;53;125;0;name16;x
1962;56;125;0;name16;x
1963;53;125;0;name16;x
1964;53;125;0;name16;x
1965;58;125;0;name16;x
1966;94;125;0;name16;x
1967;60;125;0;name52;x
1968;48;125;0;name52;x
1969;55;125;0;name52;x
1970;62;125;0;name65;x
1971;58;125;0;name65;x
1972;55;125;0;name65;x
1973;48;125;0;name65;x
1974;44;125;0;name65;x
1975;48;125;0;name65;x
1976;71;125;0;name65;x
1977;78;125;0;name70;x
1978;78;125;0;name65;x
1979;78;125;0;name70;x
1980;53;125;0;name70;x
1981;35;125;0;name70;x
1982;35;125;0;name70;x
1983;40;125;0;name70;x
1984;40;125;0;name70;x
1985;36;125;0;name59;x
1986;36;125;0;name59;x
1987;34;125;0;name59;x
1988;41;125;0;name59;x
1989;41;125;0;name59;x
1990;33;125;0;name59;x
1991;31;255;255;name11;x
1992;31;255;255;name11;x
1993;30;255;255;name11;x
1994;31;255;255;name11;x
1995;32;255;255;name11;x
1996;31;255;255;name11;x
1997;47;125;0;name60;x
1998;47;125;0;name60;x
1999;47;125;0;name60;x
2000;40;125;0;name60;x
2001;40;125;0;name60;x
2002;33;125;0;name60;x
2003;0;255;255;name11;x
2004;0;255;255;name11;x
2005;0;255;255;name11;x
2006;0;255;255;name11;x
2007;0;255;255;name11;x
2008;0;255;255;name11;x
2009;0;255;255;name11;x
2010;0;255;255;name11;x
2011;0;255;255;name11;x
2012;32;255;255;name11;x
2013;32;255;255;name11;x
2014;33;125;0;name46;x
2015;47;125;0;name46;x
2016;47;125;0;name46;x
2017;34;125;0;name46;x
2018;34;125;0;name46;x
2019;37;125;0;name46;x
2020;38;125;0;name47;x
2021;40;125;0;name47;x
2022;40;125;0;name47;x
2023;32;255;255;name11;x
2024;28;255;255;name11;x
2025;32;255;255;name11;x
2026;27;255;255;name11;x
2027;27;255;255;name11;x
2028;29;255;255;name11;x
2029;29;255;255;name11;x
2030;32;255;255;name11;x
2031;27;255;255;name11;x
2032;78;125;0;name71;x
2033;115;125;0;name71;x
2034;133;125;0;name71;x
2035;140;125;0;name11;x
2036;148;125;0;name11;x
2037;99;125;0;name20;x
2038;109;125;0;name20;x
2039;58;125;0;name20;x
2040;62;125;0;name49;x
2041;64;125;0;name49;x
2042;55;125;0;name49;x
2043;64;125;0;name49;x
2044;42;125;0;name49;x
2045;43;125;0;name49;x
2046;48;125;0;name49;x
2047;51;125;0;name22;x
2048;53;125;0;name22;x
2049;50;125;0;name73;x
2050;46;125;0;name22;x
2051;41;125;0;name22;x
2052;33;125;0;name74;x
2053;33;125;0;name74;x
2054;32;255;255;name11;x
2055;31;255;255;name11;x
2056;32;255;255;name11;x
2057;32;255;255;name11;x
2058;33;125;0;name69;x
2059;33;125;0;name69;x
2060;36;125;0;name69;x
2061;36;125;0;name69;x
2062;40;125;0;name69;x
2063;39;125;0;name69;x
2064;32;255;255;name11;x
2065;31;255;255;name11;x
2066;31;255;255;name11;x
2067;43;125;0;name69;x
2068;43;125;0;name69;x
2069;43;125;0;name69;x
2070;32;255;255;name11;x
2071;32;255;255;name11;x
2072;26;255;255;name11;x
2073;0;255;255;name11;x
2074;0;255;255;name11;x
2075;0;255;255;name11;x
2076;0;255;255;name11;x
2077;0;255;255;name11;x
2078;27;255;255;name11;x
2079;23;255;255;name11;x
2080;23;255;255;name11;x
2081;0;255;255;name11;x
2082;0;255;255;name11;x
2083;31;255;255;name11;x
2084;31;255;255;name11;x
2085;33;125;0;name75;x
2086;33;125;0;name75;x
2087;33;125;0;name75;x
2088;33;125;0;name75;x
2089;37;125;0;name75;x
2090;37;125;0;name75;x
2091;32;255;255;name11;x
2092;32;255;255;name11;x
2093;32;255;255;name11;x
2094;32;255;255;name11;x
2095;32;255;255;name11;x
2096;32;255;255;name11;x
2097;32;255;255;name11;x
2098;31;255;255;name11;x
2099;31;255;255;name11;x
2100;31;255;255;name11;x
2101;32;255;255;name11;x
2102;32;255;255;name11;x
2103;32;255;255;name11;x
2104;38;125;0;name67;x
2105;37;125;0;name67;x
2106;37;125;0;name67;x
2107;32;255;255;name11;x
2108;32;255;255;name11;x
2109;32;255;255;name11;x
2110;32;255;255;name11;x
2111;32;255;255;name11;x
2112;32;255;255;name11;x
2113;32;255;255;name11;x
2114;32;255;255;name11;x
2115;33;125;0;name54;x
2116;33;125;0;name54;x
2117;34;125;0;name54;x
2118;34;125;0;name54;x
2119;34;125;0;name54;x
2120;37;125;0;name54;x
2121;37;125;0;name54;x
2122;36;125;0;name63;x
2123;36;125;0;name63;x
2124;36;125;0;name63;x
2125;36;125;0;name63;x
2126;36;125;0;name64;x
2127;36;125;0;name64;x
2128;37;125;0;name64;x
2129;39;125;0;name64;x
2130;40;125;0;name64;x
2131;38;125;0;name76;x
2132;47;125;0;name72;x
2133;38;125;0;name72;x
2134;34;125;0;name72;x
2135;34;125;0;name72;x
2136;34;125;0;name72;x
2137;34;125;0;name72;x
2138;34;125;0;name72;x
2139;36;125;0;name72;x
2140;35;125;0;name28;x
2141;36;125;0;name28;x
2142;35;125;0;name29;x
2143;34;125;0;name29;x
2144;34;125;0;name29;x
2145;36;125;0;name29;x
2146;37;125;0;name29;x
2147;37;125;0;name29;x
2148;39;125;0;name29;x
2149;44;125;0;name16;x
2150;46;125;0;name16;x
2151;46;125;0;name16;x
2152;50;125;0;name16;x
2153;60;125;0;name16;x
2154;58;125;0;name16;x
2155;55;125;0;name16;x
2156;73;125;0;name16;x
2157;88;125;0;name16;x
2158;94;125;0;name77;x
2159;112;125;0;name52;x
2160;99;125;0;name52;x
2161;88;125;0;name65;x
2162;83;125;0;name65;x
2163;112;125;0;name65;x
2164;102;125;0;name65;x
2165;88;125;0;name65;x
2166;78;125;0;name65;x
2167;60;125;0;name65;x
2168;64;125;0;name78;x
2169;64;125;0;name78;x
2170;64;125;0;name78;x
2171;78;125;0;name70;x
2172;32;255;255;name11;x
2173;32;255;255;name11;x
2174;31;255;255;name11;x
2175;31;255;255;name11;x
2176;31;255;255;name11;x
2177;31;255;255;name11;x
2178;31;255;255;name11;x
2179;31;255;255;name11;x
2180;31;255;255;name11;x
2181;31;255;255;name11;x
2182;31;255;255;name11;x
2183;30;255;255;name11;x
2184;30;255;255;name11;x
2185;30;255;255;name11;x
2186;32;255;255;name11;x
2187;34;125;0;name60;x
2188;34;125;0;name60;x
2189;34;125;0;name60;x
2190;55;125;0;name60;x
2191;55;125;0;name60;x
2192;32;255;255;name11;x
2193;32;255;255;name11;x
2194;32;255;255;name11;x
2195;0;255;255;name11;x
2196;0;255;255;name11;x
2197;0;255;255;name11;x
2198;0;255;255;name11;x
2199;0;255;255;name11;x
2200;32;255;255;name11;x
2201;32;255;255;name11;x
2202;32;255;255;name11;x
2203;32;255;255;name11;x
2204;32;255;255;name11;x
2205;32;255;255;name11;x
2206;32;255;255;name11;x
2207;32;255;255;name11;x
2208;32;255;255;name11;x
2209;32;255;255;name11;x
2210;32;255;255;name11;x
2211;37;125;0;name46;x
2212;37;125;0;name46;x
2213;38;125;0;name47;x
2214;32;255;255;name11;x
2215;1;255;255;name11;x
2216;28;255;255;name11;x
2217;0;255;255;name11;x
2218;0;255;255;name11;x
2219;0;255;255;name11;x
2220;27;255;255;name11;x
2221;36;125;0;name71;x
2222;36;125;0;name71;x
2223;53;125;0;name71;x
2224;136;125;0;name71;x
2225;168;125;0;name71;x
2226;186;125;0;name11;x
2227;181;125;0;name79;x
2228;106;125;0;name20;x
2229;71;125;0;name49;x
2230;71;125;0;name49;x
2231;53;125;0;name49;x
2232;50;125;0;name49;x
2233;60;125;0;name49;x
2234;51;125;0;name49;x
2235;60;125;0;name73;x
2236;56;125;0;name73;x
2237;53;125;0;name73;x
2238;50;125;0;name73;x
2239;47;125;0;name73;x
2240;43;125;0;name74;x
2241;36;125;0;name74;x
2242;32;255;255;name11;x
2243;32;255;255;name11;x
2244;32;255;255;name11;x
2245;32;255;255;name11;x
2246;33;255;255;name11;x
2247;32;255;255;name11;x
2248;32;255;255;name11;x
2249;32;255;255;name11;x
2250;32;255;255;name11;x
2251;39;125;0;name69;x
2252;43;125;0;name69;x
2253;43;125;0;name69;x
2254;43;125;0;name69;x
2255;37;125;0;name69;x
2256;38;125;0;name69;x
2257;38;125;0;name69;x
2258;66;125;0;name69;x
2259;66;125;0;name69;x
2260;66;125;0;name69;x
2261;37;125;0;name69;x
2262;30;255;255;name11;x
2263;0;255;255;name11;x
2264;0;255;255;name11;x
2265;0;255;255;name11;x
2266;0;255;255;name11;x
2267;0;255;255;name11;x
2268;0;255;255;name11;x
2269;0;255;255;name11;x
2270;0;255;255;name11;x
2271;0;255;255;name11;x
2272;0;255;255;name11;x
2273;31;255;255;name11;x
2274;33;255;255;name11;x
2275;33;125;0;name75;x
2276;33;125;0;name75;x
2277;33;125;0;name75;x
2278;44;125;0;name75;x
2279;44;125;0;name75;x
2280;32;255;255;name11;x
2281;32;255;255;name11;x
2282;32;255;255;name11;x
2283;32;255;255;name11;x
2284;32;255;255;name11;x
2285;32;255;255;name11;x
2286;32;255;255;name11;x
2287;33;125;0;name80;x
2288;32;255;255;name11;x
2289;32;255;255;name11;x
2290;34;125;0;name67;x
2291;34;125;0;name67;x
2292;34;125;0;name67;x
2293;32;255;255;name11;x
2294;32;255;255;name11;x
2295;34;125;0;name54;x
2296;33;125;0;name54;x
2297;36;125;0;name54;x
2298;37;125;0;name54;x
2299;36;125;0;name54;x
2300;41;125;0;name54;x
2301;38;125;0;name54;x
2302;37;125;0;name63;x
2303;37;125;0;name63;x
2304;35;125;0;name63;x
2305;34;125;0;name64;x
2306;34;125;0;name64;x
2307;36;125;0;name64;x
2308;36;125;0;name64;x
2309;37;125;0;name76;x
2310;36;125;0;name76;x
2311;43;125;0;name76;x
2312;48;125;0;name72;x
2313;43;125;0;name72;x
2314;36;125;0;name72;x
2315;34;125;0;name72;x
2316;36;125;0;name72;x
2317;35;125;0;name72;x
2318;36;125;0;name72;x
2319;34;125;0;name72;x
2320;36;125;0;name72;x
2321;36;125;0;name29;x
2322;36;125;0;name29;x
2323;36;125;0;name29;x
2324;36;125;0;name29;x
2325;38;125;0;name29;x
2326;42;125;0;name29;x
2327;47;125;0;name29;x
2328;47;125;0;name29;x
2329;44;125;0;name16;x
2330;46;125;0;name16;x
2331;56;125;0;name16;x
2332;56;125;0;name16;x
2333;68;125;0;name16;x
2334;71;125;0;name16;x
2335;109;125;0;name77;x
2336;160;125;0;name77;x
2337;177;125;0;name77;x
2338;106;125;0;name77;x
2339;168;125;0;name77;x
2340;168;125;0;name77;x
2341;91;125;0;name77;x
2342;133;125;0;name65;x
2343;106;125;0;name65;x
2344;119;125;0;name81;x
2345;106;125;0;name65;x
2346;136;125;0;name65;x
2347;85;125;0;name78;x
2348;73;125;0;name78;x
2349;32;255;255;name11;x
2350;32;255;255;name11;x
2351;31;255;255;name11;x
2352;31;255;255;name11;x
2353;30;255;255;name11;x
2354;31;255;255;name11;x
2355;1;255;255;name11;x
2356;30;255;255;name11;x
2357;30;255;255;name11;x
2358;34;125;0;name60;x
2359;34;125;0;name60;x
2360;85;125;0;name60;x
2361;85;125;0;name60;x
2362;85;125;0;name60;x
2363;85;125;0;name60;x
2364;50;125;0;name60;x
2365;50;125;0;name60;x
2366;32;255;255;name11;x
2367;32;255;255;name11;x
2368;32;255;255;name11;x
2369;34;255;255;name11;x
2370;32;255;255;name11;x
2371;34;125;0;name19;x
2372;34;125;0;name19;x
2373;34;125;0;name19;x
2374;33;125;0;name19;x
2375;32;255;255;name11;x
2376;33;255;255;name11;x
2377;32;255;255;name11;x
2378;32;255;255;name11;x
2379;0;255;255;name11;x
2380;0;255;255;name11;x
2381;0;255;255;name11;x
2382;0;255;255;name11;x
2383;0;255;255;name11;x
2384;0;255;255;name11;x
2385;34;125;0;name71;x
2386;34;125;0;name71;x
2387;71;125;0;name71;x
2388;71;125;0;name71;x
2389;140;125;0;name11;x
2390;160;125;0;name11;x
2391;172;125;0;name79;x
2392;144;125;0;name49;x
2393;80;125;0;name49;x
2394;78;125;0;name49;x
2395;68;125;0;name49;x
2396;75;125;0;name49;x
2397;62;125;0;name49;x
2398;58;125;0;name49;x
2399;56;125;0;name73;x
2400;60;125;0;name73;x
2401;51;125;0;name73;x
2402;48;125;0;name73;x
2403;44;125;0;name73;x
2404;41;125;0;name73;x
2405;37;125;0;name73;x
2406;34;125;0;name82;x
2407;34;125;0;name82;x
2408;36;125;0;name83;x
2409;33;125;0;name83;x
2410;32;255;255;name11;x
2411;32;255;255;name11;x
2412;32;255;255;name11;x
2413;32;255;255;name11;x
2414;32;255;255;name11;x
2415;32;255;255;name11;x
2416;32;255;255;name11;x
2417;41;125;0;name69;x
2418;41;125;0;name69;x
2419;47;125;0;name69;x
2420;51;125;0;name69;x
2421;44;125;0;name69;x
2422;50;125;0;name69;x
2423;58;125;0;name69;x
2424;43;125;0;name69;x
2425;43;125;0;name69;x
2426;32;255;255;name11;x
2427;17;255;255;name11;x
2428;17;255;255;name11;x
2429;0;255;255;name11;x
2430;29;255;255;name11;x
2431;0;255;255;name11;x
2432;27;255;255;name11;x
2433;33;125;0;name75;x
2434;33;125;0;name75;x
2435;33;125;0;name75;x
2436;35;125;0;name75;x
2437;35;125;0;name75;x
2438;40;125;0;name75;x
2439;32;255;255;name11;x
2440;32;255;255;name11;x
2441;32;255;255;name11;x
2442;32;255;255;name11;x
2443;32;255;255;name11;x
2444;32;255;255;name11;x
2445;32;255;255;name11;x
2446;32;125;0;name80;x
2447;32;125;0;name80;x
2448;32;125;0;name80;x
2449;32;255;255;name11;x
2450;32;255;255;name11;x
2451;32;255;255;name11;x
2452;32;255;255;name11;x
2453;32;255;255;name11;x
2454;32;255;255;name11;x
2455;32;255;255;name11;x
2456;32;255;255;name11;x
2457;34;125;0;name84;x
2458;34;125;0;name84;x
2459;36;125;0;name54;x
2460;38;125;0;name54;x
2461;38;125;0;name54;x
2462;38;125;0;name54;x
2463;40;125;0;name54;x
2464;40;125;0;name63;x
2465;39;125;0;name63;x
2466;36;125;0;name63;x
2467;36;125;0;name64;x
2468;37;125;0;name64;x
2469;37;125;0;name64;x
2470;36;125;0;name85;x
2471;35;125;0;name85;x
2472;40;125;0;name76;x
2473;41;125;0;name76;x
2474;41;125;0;name76;x
2475;66;125;0;name72;x
2476;43;125;0;name72;x
2477;37;125;0;name72;x
2478;36;125;0;name72;x
2479;36;125;0;name72;x
2480;36;125;0;name72;x
2481;36;125;0;name72;x
2482;35;125;0;name72;x
2483;34;125;0;name72;x
2484;35;125;0;name72;x
2485;37;125;0;name29;x
2486;39;125;0;name29;x
2487;43;125;0;name86;x
2488;47;125;0;name86;x
2489;78;125;0;name86;x
2490;55;125;0;name86;x
2491;83;125;0;name86;x
2492;115;125;0;name77;x
2493;94;125;0;name16;x
2494;62;125;0;name16;x
2495;62;125;0;name16;x
2496;80;125;0;name16;x
2497;91;125;0;name16;x
2498;96;125;0;name77;x
2499;140;125;0;name77;x
2500;152;125;0;name77;x
2501;109;125;0;name77;x
2502;106;125;0;name77;x
2503;96;125;0;name77;x
2504;91;125;0;name77;x
2505;80;125;0;name77;x
2506;71;125;0;name81;x
2507;55;125;0;name81;x
2508;73;125;0;name81;x
2509;78;125;0;name81;x
2510;56;125;0;name78;x
2511;34;125;0;name78;x
2512;32;255;255;name11;x
2513;32;255;255;name11;x
2514;32;255;255;name11;x
2515;30;255;255;name11;x
2516;30;255;255;name11;x
2517;44;125;0;name60;x
2518;44;125;0;name60;x
2519;66;125;0;name60;x
2520;66;125;0;name60;x
2521;66;125;0;name60;x
2522;46;125;0;name60;x
2523;0;255;255;name11;x
2524;0;255;255;name11;x
2525;0;255;255;name11;x
2526;0;255;255;name11;x
2527;29;255;255;name11;x
2528;34;255;255;name11;x
2529;34;125;0;name19;x
2530;34;125;0;name19;x
2531;32;125;0;name19;x
2532;32;255;255;name11;x
2533;29;255;255;name11;x
2534;29;255;255;name11;x
2535;0;255;255;name11;x
2536;0;255;255;name11;x
2537;0;255;255;name11;x
2538;29;255;255;name11;x
2539;32;255;255;name11;x
2540;29;255;255;name11;x
2541;32;255;255;name11;x
2542;66;125;0;name71;x
2543;66;125;0;name71;x
2544;66;125;0;name71;x
2545;122;125;0;name71;x
2546;109;125;0;name79;x
2547;99;125;0;name79;x
2548;144;125;0;name79;x
2549;106;125;0;name49;x
2550;94;125;0;name49;x
2551;78;125;0;name49;x
2552;71;125;0;name49;x
2553;68;125;0;name49;x
2554;60;125;0;name73;x
2555;58;125;0;name73;x
2556;50;125;0;name73;x
2557;46;125;0;name73;x
2558;42;125;0;name73;x
2559;40;125;0;name73;x
2560;39;125;0;name73;x
2561;38;125;0;name82;x
2562;37;125;0;name82;x
2563;36;125;0;name83;x
2564;34;125;0;name83;x
2565;34;125;0;name83;x
2566;34;125;0;name83;x
2567;34;125;0;name83;x
2568;32;255;255;name11;x
2569;32;255;255;name11;x
2570;32;255;255;name11;x
2571;32;255;255;name11;x
2572;37;125;0;name69;x
2573;37;125;0;name69;x
2574;46;125;0;name69;x
2575;53;125;0;name69;x
2576;58;125;0;name69;x
2577;64;125;0;name69;x
2578;62;125;0;name69;x
2579;60;125;0;name69;x
2580;55;125;0;name69;x
2581;39;125;0;name69;x
2582;39;125;0;name69;x
2583;32;125;0;name69;x
2584;32;125;0;name69;x
2585;29;255;255;name11;x
2586;33;255;255;name11;x
2587;27;255;255;name11;x
2588;29;255;255;name11;x
2589;32;255;255;name11;x
2590;34;255;255;name11;x
2591;34;125;0;name75;x
2592;34;125;0;name75;x
2593;34;125;0;name75;x
2594;36;125;0;name75;x
2595;37;125;0;name75;x
2596;37;125;0;name75;x
2597;33;125;0;name75;x
2598;32;255;255;name11;x
2599;32;255;255;name11;x
2600;32;125;0;name87;x
2601;32;125;0;name87;x
2602;33;125;0;name80;x
2603;33;125;0;name80;x
2604;34;125;0;name80;x
2605;34;125;0;name80;x
2606;34;125;0;name80;x
2607;34;125;0;name80;x
2608;34;125;0;name84;x
2609;36;125;0;name84;x
2610;36;125;0;name84;x
2611;37;125;0;name84;x
2612;37;125;0;name84;x
2613;37;125;0;name54;x
2614;36;125;0;name88;x
2615;38;125;0;name88;x
2616;40;125;0;name88;x
2617;41;125;0;name88;x
2618;37;125;0;name88;x
2619;37;125;0;name63;x
2620;40;125;0;name64;x
2621;42;125;0;name64;x
2622;36;125;0;name85;x
2623;34;125;0;name76;x
2624;36;125;0;name76;x
2625;42;125;0;name76;x
2626;53;125;0;name76;x
2627;55;125;0;name72;x
2628;44;125;0;name72;x
2629;39;125;0;name72;x
2630;38;125;0;name72;x
2631;46;125;0;name72;x
2632;50;125;0;name72;x
2633;40;125;0;name72;x
2634;34;125;0;name72;x
2635;35;125;0;name72;x
2636;36;125;0;name72;x
2637;37;125;0;name72;x
2638;40;125;0;name86;x
2639;42;125;0;name86;x
2640;51;125;0;name86;x
2641;88;125;0;name86;x
2642;78;125;0;name86;x
2643;115;125;0;name86;x
2644;140;125;0;name86;x
2645;190;125;0;name77;x
2646;214;125;0;name77;x
2647;73;125;0;name77;x
2648;73;125;0;name77;x
2649;73;125;0;name77;x
2650;94;125;0;name77;x
2651;144;125;0;name77;x
2652;119;125;0;name77;x
2653;106;125;0;name77;x
2654;88;125;0;name77;x
2655;75;125;0;name77;x
2656;75;125;0;name77;x
2657;58;125;0;name77;x
2658;46;125;0;name81;x
2659;46;125;0;name81;x
2660;48;125;0;name81;x
2661;83;125;0;name81;x
2662;129;125;0;name78;x
2663;46;125;0;name78;x
2664;46;125;0;name78;x
2665;37;125;0;name78;x
2666;36;125;0;name78;x
2667;36;125;0;name78;x
2668;32;255;255;name11;x
2669;32;255;255;name11;x
2670;0;255;255;name11;x
2671;0;255;255;name11;x
2672;30;255;255;name11;x
2673;36;125;0;name60;x
2674;34;125;0;name60;x
2675;34;125;0;name60;x
2676;23;255;255;name11;x
2677;0;255;255;name11;x
2678;0;255;255;name11;x
2679;1;255;255;name11;x
2680;0;255;255;name11;x
2681;0;255;255;name11;x
2682;0;255;255;name11;x
2683;0;255;255;name11;x
2684;0;255;255;name11;x
2685;32;255;255;name11;x
2686;32;255;255;name11;x
2687;33;125;0;name71;x
2688;33;125;0;name71;x
2689;99;125;0;name71;x
2690;99;125;0;name71;x
2691;156;125;0;name71;x
2692;109;125;0;name79;x
2693;168;125;0;name79;x
2694;239;125;0;name79;x
2695;177;125;0;name79;x
2696;99;125;0;name79;x
2697;78;125;0;name49;x
2698;73;125;0;name49;x
2699;68;125;0;name73;x
2700;56;125;0;name73;x
2701;55;125;0;name73;x
2702;47;125;0;name73;x
2703;42;125;0;name73;x
2704;42;125;0;name73;x
2705;46;125;0;name73;x
2706;46;125;0;name82;x
2707;44;125;0;name89;x
2708;42;125;0;name83;x
2709;37;125;0;name83;x
2710;34;125;0;name83;x
2711;32;125;0;name69;x
2712;32;125;0;name69;x
2713;32;255;255;name11;x
2714;37;125;0;name69;x
2715;37;125;0;name69;x
2716;46;125;0;name69;x
2717;55;125;0;name69;x
2718;64;125;0;name69;x
2719;73;125;0;name69;x
2720;68;125;0;name69;x
2721;62;125;0;name69;x
2722;53;125;0;name69;x
2723;48;125;0;name69;x
2724;47;125;0;name69;x
2725;47;125;0;name69;x
2726;33;125;0;name90;x
2727;27;255;255;name11;x
2728;17;255;255;name11;x
2729;31;255;255;name11;x
2730;32;255;255;name11;x
2731;32;255;255;name11;x
2732;32;255;255;name11;x
2733;34;125;0;name75;x
2734;34;125;0;name75;x
2735;34;125;0;name75;x
2736;34;125;0;name75;x
2737;33;125;0;name75;x
2738;33;125;0;name87;x
2739;33;125;0;name87;x
2740;32;125;0;name87;x
2741;32;125;0;name87;x
2742;33;125;0;name87;x
2743;37;125;0;name87;x
2744;47;125;0;name80;x
2745;46;125;0;name80;x
2746;42;125;0;name80;x
2747;43;125;0;name80;x
2748;37;125;0;name84;x
2749;41;125;0;name84;x
2750;38;125;0;name84;x
2751;38;125;0;name84;x
2752;38;125;0;name84;x
2753;38;125;0;name84;x
2754;36;125;0;name88;x
2755;36;125;0;name88;x
2756;38;125;0;name88;x
2757;38;125;0;name88;x
2758;36;125;0;name88;x
2759;37;125;0;name88;x
2760;37;125;0;name85;x
2761;35;125;0;name85;x
2762;34;125;0;name85;x
2763;34;125;0;name85;x
2764;34;125;0;name85;x
2765;34;125;0;name76;x
2766;34;125;0;name76;x
2767;36;125;0;name76;x
2768;42;125;0;name72;x
2769;46;125;0;name72;x
2770;44;125;0;name72;x
2771;41;125;0;name72;x
2772;40;125;0;name72;x
2773;44;125;0;name72;x
2774;47;125;0;name72;x
2775;51;125;0;name72;x
2776;51;125;0;name72;x
2777;43;125;0;name72;x
2778;38;125;0;name72;x
2779;42;125;0;name91;x
2780;68;125;0;name91;x
2781;140;125;0;name91;x
2782;190;125;0;name91;x
2783;255;125;0;name86;x
2784;172;125;0;name86;x
2785;133;125;0;name86;x
2786;168;125;0;name11;x
2787;239;125;0;name11;x
2788;244;125;0;name77;x
2789;195;125;0;name77;x
2790;129;125;0;name77;x
2791;91;125;0;name77;x
2792;106;125;0;name77;x
2793;129;125;0;name77;x
2794;109;125;0;name77;x
2795;83;125;0;name77;x
2796;96;125;0;name77;x
2797;80;125;0;name77;x
2798;106;125;0;name77;x
2799;78;125;0;name81;x
2800;50;125;0;name81;x
2801;40;125;0;name81;x
2802;50;125;0;name81;x
2803;68;125;0;name81;x
2804;94;125;0;name78;x
2805;40;125;0;name78;x
2806;50;125;0;name78;x
2807;33;125;0;name78;x
2808;36;125;0;name78;x
2809;0;255;255;name11;x
2810;0;255;255;name11;x
2811;0;255;255;name11;x
2812;1;255;255;name11;x
2813;33;125;0;name60;x
2814;17;255;255;name11;x
2815;17;255;255;name11;x
2816;0;255;255;name11;x
2817;0;255;255;name11;x
2818;0;255;255;name11;x
2819;0;255;255;name11;x
2820;0;255;255;name11;x
2821;0;255;255;name11;x
2822;0;255;255;name11;x
2823;0;255;255;name11;x
2824;27;255;255;name11;x
2825;26;255;255;name11;x
2826;44;125;0;name71;x
2827;44;125;0;name92;x
2828;133;125;0;name71;x
2829;190;125;0;name71;x
2830;140;125;0;name79;x
2831;152;125;0;name93;x
2832;239;125;0;name79;x
2833;156;125;0;name79;x
2834;91;125;0;name79;x
2835;80;125;0;name73;x
2836;73;125;0;name73;x
2837;68;125;0;name73;x
2838;68;125;0;name73;x
2839;64;125;0;name73;x
2840;46;125;0;name73;x
2841;42;125;0;name73;x
2842;47;125;0;name73;x
2843;51;125;0;name73;x
2844;51;125;0;name89;x
2845;47;125;0;name89;x
2846;40;125;0;name94;x
2847;36;125;0;name69;x
2848;34;125;0;name69;x
2849;33;125;0;name69;x
2850;40;125;0;name69;x
2851;47;125;0;name69;x
2852;55;125;0;name95;x
2853;68;125;0;name95;x
2854;58;125;0;name95;x
2855;58;125;0;name95;x
2856;58;125;0;name95;x
2857;64;125;0;name95;x
2858;64;125;0;name69;x
2859;62;125;0;name69;x
2860;62;125;0;name69;x
2861;50;125;0;name69;x
2862;50;125;0;name69;x
2863;44;125;0;name90;x
2864;44;125;0;name90;x
2865;33;125;0;name90;x
2866;33;125;0;name90;x
2867;32;255;255;name11;x
2868;29;255;255;name11;x
2869;29;255;255;name11;x
2870;29;255;255;name11;x
2871;32;255;255;name11;x
2872;32;255;255;name11;x
2873;32;255;255;name11;x
2874;32;255;255;name11;x
2875;32;255;255;name11;x
2876;34;125;0;name87;x
2877;34;125;0;name87;x
2878;35;125;0;name87;x
2879;38;125;0;name87;x
2880;43;125;0;name87;x
2881;42;125;0;name80;x
2882;55;125;0;name80;x
2883;68;125;0;name84;x
2884;58;125;0;name84;x
2885;50;125;0;name84;x
2886;96;125;0;name84;x
2887;58;125;0;name84;x
2888;48;125;0;name84;x
2889;46;125;0;name84;x
2890;43;125;0;name84;x
2891;39;125;0;name88;x
2892;35;125;0;name88;x
2893;36;125;0;name88;x
2894;36;125;0;name88;x
2895;36;125;0;name88;x
2896;36;125;0;name88;x
2897;35;125;0;name88;x
2898;35;125;0;name85;x
2899;35;125;0;name88;x
2900;33;125;0;name85;x
2901;32;125;0;name85;x
2902;32;255;255;name11;x
2903;32;255;255;name11;x
2904;32;255;255;name11;x
2905;32;125;0;name76;x
2906;32;125;0;name72;x
2907;35;125;0;name72;x
2908;41;125;0;name72;x
2909;46;125;0;name72;x
2910;38;125;0;name72;x
2911;36;125;0;name72;x
2912;40;125;0;name72;x
2913;62;125;0;name72;x
2914;55;125;0;name72;x
2915;62;125;0;name72;x
2916;85;125;0;name72;x
2917;102;125;0;name72;x
2918;73;125;0;name91;x
2919;60;125;0;name91;x
2920;83;125;0;name91;x
2921;152;125;0;name91;x
2922;255;125;0;name91;x
2923;255;125;0;name91;x
2924;229;125;0;name86;x
2925;168;125;0;name11;x
2926;229;125;0;name11;x
2927;255;125;0;name11;x
2928;224;125;0;name11;x
2929;168;125;0;name77;x
2930;133;125;0;name77;x
2931;122;125;0;name77;x
2932;177;125;0;name77;x
2933;160;125;0;name77;x
2934;109;125;0;name77;x
2935;80;125;0;name77;x
2936;73;125;0;name77;x
2937;75;125;0;name77;x
2938;94;125;0;name77;x
2939;53;125;0;name81;x
2940;51;125;0;name81;x
2941;43;125;0;name81;x
2942;41;125;0;name81;x
2943;60;125;0;name78;x
2944;36;125;0;name78;x
2945;44;125;0;name78;x
2946;71;125;0;name78;x
2947;71;125;0;name78;x
2948;32;255;255;name11;x
2949;32;255;255;name11;x
2950;32;125;0;name78;x
2951;1;255;255;name11;x
2952;1;255;255;name11;x
2953;23;255;255;name11;x
2954;0;255;255;name11;x
2955;0;255;255;name11;x
2956;0;255;255;name11;x
2957;0;255;255;name11;x
2958;0;255;255;name11;x
2959;0;255;255;name11;x
2960;0;255;255;name11;x
2961;26;255;255;name11;x
2962;0;255;255;name11;x
2963;58;125;0;name92;x
2964;44;125;0;name92;x
2965;44;125;0;name92;x
2966;144;125;0;name92;x
2967;140;125;0;name11;x
2968;160;125;0;name93;x
2969;209;125;0;name79;x
2970;122;125;0;name79;x
2971;109;125;0;name79;x
2972;99;125;0;name73;x
2973;88;125;0;name73;x
2974;71;125;0;name73;x
2975;60;125;0;name73;x
2976;56;125;0;name73;x
2977;44;125;0;name73;x
2978;47;125;0;name73;x
2979;51;125;0;name89;x
2980;58;125;0;name89;x
2981;48;125;0;name94;x
2982;48;125;0;name94;x
2983;46;125;0;name94;x
2984;42;125;0;name69;x
2985;46;125;0;name69;x
2986;46;125;0;name69;x
2987;51;125;0;name95;x
2988;50;125;0;name95;x
2989;55;125;0;name95;x
2990;44;125;0;name95;x
2991;44;125;0;name95;x
2992;32;255;255;name11;x
2993;32;255;255;name11;x
2994;44;255;255;name11;x
2995;32;255;255;name11;x
2996;32;255;255;name11;x
2997;32;255;255;name11;x
2998;32;255;255;name11;x
2999;32;255;255;name11;x
3000;31;255;255;name11;x
3001;36;255;255;name11;x
3002;36;125;0;name90;x
3003;36;125;0;name90;x
3004;36;125;0;name90;x
3005;32;255;255;name11;x
3006;29;255;255;name11;x
3007;29;255;255;name11;x
3008;0;255;255;name11;x
3009;0;255;255;name11;x
3010;30;255;255;name11;x
3011;32;255;255;name11;x
3012;0;255;255;name11;x
3013;33;125;0;name87;x
3014;34;125;0;name87;x
3015;34;125;0;name87;x
3016;38;125;0;name87;x
3017;46;125;0;name87;x
3018;68;125;0;name87;x
3019;112;125;0;name96;x
3020;164;125;0;name84;x
3021;136;125;0;name84;x
3022;78;125;0;name84;x
3023;36;125;0;name84;x
3024;36;125;0;name84;x
3025;40;125;0;name84;x
3026;75;125;0;name84;x
3027;62;125;0;name84;x
3028;36;125;0;name84;x
3029;34;125;0;name84;x
3030;34;125;0;name88;x
3031;34;125;0;name84;x
3032;34;125;0;name88;x
3033;34;125;0;name88;x
3034;34;125;0;name88;x
3035;34;125;0;name88;x
3036;35;125;0;name88;x
3037;34;125;0;name88;x
3038;34;125;0;name88;x
3039;36;125;0;name97;x
3040;36;125;0;name97;x
3041;32;255;255;name11;x
3042;32;255;255;name11;x
3043;32;255;255;name11;x
3044;32;255;255;name11;x
3045;32;255;255;name11;x
3046;32;255;255;name11;x
3047;32;255;255;name11;x
3048;32;255;255;name11;x
3049;32;255;255;name11;x
3050;32;255;255;name11;x
3051;33;125;0;name72;x
3052;36;125;0;name72;x
3053;38;125;0;name72;x
3054;35;125;0;name72;x
3055;34;125;0;name72;x
3056;40;125;0;name72;x
3057;47;125;0;name72;x
3058;50;125;0;name72;x
3059;73;125;0;name72;x
3060;64;125;0;name72;x
3061;60;125;0;name72;x
3062;64;125;0;name91;x
3063;75;125;0;name91;x
3064;106;125;0;name91;x
3065;122;125;0;name91;x
3066;78;125;0;name91;x
3067;181;125;0;name91;x
3068;250;125;0;name91;x
3069;195;125;0;name11;x
3070;229;125;0;name11;x
3071;255;125;0;name11;x
3072;255;125;0;name11;x
3073;214;125;0;name77;x
3074;160;125;0;name77;x
3075;172;125;0;name77;x
3076;168;125;0;name77;x
3077;136;125;0;name98;x
3078;115;125;0;name98;x
3079;85;125;0;name98;x
3080;78;125;0;name99;x
3081;109;125;0;name81;x
3082;71;125;0;name81;x
3083;37;125;0;name81;x
3084;39;125;0;name81;x
3085;48;125;0;name81;x
3086;40;125;0;name81;x
3087;34;125;0;name81;x
3088;37;125;0;name78;x
3089;88;125;0;name78;x
3090;88;125;0;name78;x
3091;32;255;255;name11;x
3092;30;255;255;name11;x
3093;30;255;255;name11;x
3094;30;255;255;name11;x
3095;31;255;255;name11;x
3096;31;255;255;name11;x
3097;31;255;255;name11;x
3098;0;255;255;name11;x
3099;0;255;255;name11;x
3100;0;255;255;name11;x
3101;0;255;255;name11;x
3102;0;255;255;name11;x
3103;0;255;255;name11;x
3104;1;255;255;name11;x
3105;1;255;255;name11;x
3106;0;255;255;name11;x
3107;47;125;0;name92;x
3108;99;125;0;name92;x
3109;62;125;0;name93;x
3110;106;125;0;name11;x
3111;160;125;0;name11;x
3112;172;125;0;name79;x
3113;144;125;0;name79;x
3114;99;125;0;name79;x
3115;88;125;0;name79;x
3116;83;125;0;name73;x
3117;71;125;0;name73;x
3118;60;125;0;name73;x
3119;47;125;0;name73;x
3120;53;125;0;name73;x
3121;53;125;0;name89;x
3122;44;125;0;name89;x
3123;42;125;0;name94;x
3124;36;125;0;name94;x
3125;50;125;0;name94;x
3126;53;125;0;name94;x
3127;44;125;0;name95;x
3128;48;125;0;name95;x
3129;51;125;0;name95;x
3130;50;125;0;name95;x
3131;62;125;0;name95;x
3132;46;125;0;name95;x
3133;44;125;0;name95;x
3134;32;255;255;name11;x
3135;32;255;255;name11;x
3136;32;255;255;name11;x
3137;32;255;255;name11;x
3138;33;255;255;name11;x
3139;33;125;0;name90;x
3140;33;125;0;name90;x
3141;34;125;0;name57;x
3142;32;255;255;name11;x
3143;32;255;255;name11;x
3144;32;255;255;name11;x
3145;0;255;255;name11;x
3146;0;255;255;name11;x
3147;0;255;255;name11;x
3148;0;255;255;name11;x
3149;0;255;255;name11;x
3150;0;255;255;name11;x
3151;1;255;255;name11;x
3152;1;255;255;name11;x
3153;31;255;255;name11;x
3154;36;125;0;name87;x
3155;80;125;0;name87;x
3156;80;125;0;name87;x
3157;75;125;0;name87;x
3158;75;125;0;name87;x
3159;186;125;0;name96;x
3160;186;125;0;name96;x
3161;41;125;0;name84;x
3162;41;125;0;name84;x
3163;38;125;0;name84;x
3164;37;125;0;name84;x
3165;37;125;0;name84;x
3166;37;125;0;name84;x
3167;53;125;0;name84;x
3168;53;125;0;name84;x
3169;38;125;0;name84;x
3170;34;125;0;name84;x
3171;53;125;0;name84;x
3172;73;125;0;name84;x
3173;51;125;0;name84;x
3174;33;125;0;name84;x
3175;33;125;0;name84;x
3176;32;255;255;name11;x
3177;32;255;255;name11;x
3178;0;255;255;name11;x
3179;33;125;0;name88;x
3180;33;125;0;name88;x
3181;34;125;0;name88;x
3182;33;125;0;name88;x
3183;34;125;0;name88;x
3184;34;125;0;name88;x
3185;40;125;0;name97;x
3186;40;125;0;name97;x
3187;38;125;0;name97;x
3188;38;125;0;name97;x
3189;38;125;0;name97;x
3190;32;255;255;name11;x
3191;32;255;255;name11;x
3192;32;255;255;name11;x
3193;32;255;255;name11;x
3194;33;125;0;name72;x
3195;33;125;0;name72;x
3196;36;125;0;name72;x
3197;34;125;0;name72;x
3198;33;125;0;name72;x
3199;34;125;0;name72;x
3200;36;125;0;name72;x
3201;37;125;0;name72;x
3202;42;125;0;name72;x
3203;50;125;0;name72;x
3204;51;125;0;name72;x
3205;50;125;0;name91;x
3206;83;125;0;name91;x
3207;209;125;0;name91;x
3208;102;125;0;name91;x
3209;32;255;255;name11;x
3210;56;125;0;name91;x
3211;99;125;0;name91;x
3212;148;125;0;name91;x
3213;195;125;0;name91;x
3214;219;125;0;name11;x
3215;255;125;0;name11;x
3216;209;125;0;name11;x
3217;186;125;0;name11;x
3218;156;125;0;name11;x
3219;140;125;0;name11;x
3220;125;125;0;name98;x
3221;109;125;0;name98;x
3222;133;125;0;name100;x
3223;133;125;0;name100;x
3224;106;125;0;name99;x
3225;99;125;0;name99;x
3226;42;125;0;name81;x
3227;36;125;0;name81;x
3228;37;125;0;name81;x
3229;48;125;0;name81;x
3230;50;125;0;name81;x
3231;34;125;0;name78;x
3232;62;125;0;name78;x
3233;62;125;0;name78;x
3234;34;125;0;name78;x
3235;0;255;255;name11;x
3236;1;255;255;name11;x
3237;0;255;255;name11;x
3238;0;255;255;name11;x
3239;32;255;255;name11;x
3240;37;255;255;name11;x
3241;32;255;255;name11;x
3242;31;255;255;name11;x
3243;31;255;255;name11;x
3244;0;255;255;name11;x
3245;32;255;255;name11;x
3246;0;255;255;name11;x
3247;0;255;255;name11;x
3248;0;255;255;name11;x
3249;0;255;255;name11;x
3250;0;255;255;name11;x
3251;36;125;0;name92;x
3252;36;125;0;name92;x
3253;85;125;0;name92;x
3254;125;125;0;name92;x
3255;186;125;0;name11;x
3256;255;125;0;name11;x
3257;255;125;0;name11;x
3258;250;125;0;name11;x
3259;160;125;0;name79;x
3260;125;125;0;name79;x
3261;106;125;0;name73;x
3262;73;125;0;name73;x
3263;60;125;0;name73;x
3264;55;125;0;name89;x
3265;47;125;0;name89;x
3266;46;125;0;name89;x
3267;53;125;0;name89;x
3268;47;125;0;name89;x
3269;38;125;0;name94;x
3270;42;125;0;name94;x
3271;38;125;0;name94;x
3272;42;125;0;name95;x
3273;47;125;0;name95;x
3274;36;125;0;name95;x
3275;37;125;0;name95;x
3276;37;125;0;name95;x
3277;58;125;0;name95;x
3278;58;125;0;name95;x
3279;36;125;0;name95;x
3280;36;125;0;name95;x
3281;34;125;0;name95;x
3282;34;125;0;name95;x
3283;34;125;0;name95;x
3284;34;125;0;name95;x
3285;34;125;0;name90;x
3286;32;255;255;name11;x
3287;31;255;255;name11;x
3288;31;255;255;name11;x
3289;32;255;255;name11;x
3290;32;255;255;name11;x
3291;32;255;255;name11;x
3292;32;255;255;name11;x
3293;0;255;255;name11;x
3294;0;255;255;name11;x
3295;36;125;0;name101;x
3296;36;125;0;name101;x
3297;36;125;0;name101;x
3298;62;125;0;name101;x
3299;62;125;0;name101;x
3300;48;125;0;name87;x
3301;48;125;0;name87;x
3302;39;125;0;name87;x
3303;39;125;0;name87;x
3304;68;125;0;name87;x
3305;68;125;0;name102;x
3306;68;125;0;name87;x
3307;53;125;0;name87;x
3308;53;125;0;name102;x
3309;32;255;255;name11;x
3310;31;255;255;name11;x
3311;31;255;255;name11;x
3312;31;255;255;name11;x
3313;31;255;255;name11;x
3314;29;255;255;name11;x
3315;37;255;255;name11;x
3316;38;125;0;name84;x
3317;38;125;0;name84;x
3318;47;125;0;name84;x
3319;32;255;255;name11;x
3320;32;255;255;name11;x
3321;64;125;0;name84;x
3322;109;125;0;name84;x
3323;73;125;0;name84;x
3324;48;125;0;name84;x
3325;43;125;0;name84;x
3326;43;125;0;name84;x
3327;32;255;255;name11;x
3328;0;255;255;name11;x
3329;0;255;255;name11;x
3330;42;255;255;name11;x
3331;0;255;255;name11;x
3332;0;255;255;name11;x
3333;0;255;255;name11;x
3334;0;255;255;name11;x
3335;31;255;255;name11;x
3336;152;125;0;name97;x
3337;152;125;0;name103;x
3338;119;125;0;name97;x
3339;119;125;0;name97;x
3340;73;125;0;name91;x
3341;73;125;0;name91;x
3342;73;125;0;name91;x
3343;34;125;0;name91;x
3344;34;125;0;name91;x
3345;31;255;255;name11;x
3346;32;255;255;name11;x
3347;34;125;0;name72;x
3348;36;125;0;name72;x
3349;36;125;0;name72;x
3350;36;125;0;name72;x
3351;34;125;0;name72;x
3352;34;125;0;name72;x
3353;37;125;0;name72;x
3354;39;125;0;name72;x
3355;40;125;0;name72;x
3356;73;125;0;name72;x
3357;88;125;0;name91;x
3358;106;125;0;name91;x
3359;144;125;0;name91;x
3360;172;125;0;name91;x
3361;209;125;0;name91;x
3362;204;125;0;name91;x
3363;255;125;0;name91;x
3364;234;125;0;name91;x
3365;152;125;0;name91;x
3366;129;125;0;name91;x
3367;181;125;0;name91;x
3368;125;125;0;name11;x
3369;140;125;0;name11;x
3370;156;125;0;name11;x
3371;190;125;0;name11;x
3372;199;125;0;name11;x
3373;140;125;0;name98;x
3374;115;125;0;name98;x
3375;122;125;0;name98;x
3376;122;125;0;name100;x
3377;140;125;0;name100;x
3378;140;125;0;name99;x
3379;62;125;0;name99;x
3380;41;125;0;name99;x
3381;38;125;0;name81;x
3382;51;125;0;name81;x
3383;71;125;0;name81;x
3384;71;125;0;name99;x
3385;71;125;0;name99;x
3386;71;125;0;name81;x
3387;55;125;0;name81;x
3388;40;125;0;name78;x
3389;32;255;255;name11;x
3390;0;255;255;name11;x
3391;0;255;255;name11;x
3392;1;255;255;name11;x
3393;26;255;255;name11;x
3394;1;255;255;name11;x
3395;37;125;0;name104;x
3396;37;125;0;name104;x
3397;48;125;0;name104;x
3398;32;255;255;name11;x
3399;0;255;255;name11;x
3400;0;255;255;name11;x
3401;1;255;255;name11;x
3402;1;255;255;name11;x
3403;73;125;0;name92;x
3404;181;125;0;name92;x
3405;172;125;0;name11;x
3406;148;125;0;name11;x
3407;204;125;0;name11;x
3408;204;125;0;name11;x
3409;255;125;0;name11;x
3410;239;125;0;name11;x
3411;199;125;0;name11;x
3412;144;125;0;name73;x
3413;99;125;0;name89;x
3414;68;125;0;name89;x
3415;55;125;0;name89;x
3416;53;125;0;name89;x
3417;48;125;0;name89;x
3418;46;125;0;name89;x
3419;42;125;0;name89;x
3420;41;125;0;name94;x
3421;41;125;0;name105;x
3422;40;125;0;name105;x
3423;39;125;0;name95;x
3424;38;125;0;name95;x
3425;50;125;0;name95;x
3426;47;125;0;name95;x
3427;47;125;0;name95;x
3428;47;125;0;name95;x
3429;36;125;0;name95;x
3430;31;255;255;name11;x
3431;31;255;255;name11;x
3432;31;255;255;name11;x
3433;31;255;255;name11;x
3434;31;255;255;name11;x
3435;31;255;255;name11;x
3436;31;255;255;name11;x
3437;31;255;255;name11;x
3438;0;255;255;name11;x
3439;0;255;255;name11;x
3440;0;255;255;name11;x
3441;41;125;0;name101;x
3442;41;125;0;name101;x
3443;94;125;0;name101;x
3444;109;125;0;name87;x
3445;129;125;0;name87;x
3446;129;125;0;name102;x
3447;48;125;0;name102;x
3448;48;125;0;name102;x
3449;28;255;255;name11;x
3450;28;255;255;name11;x
3451;0;255;255;name11;x
3452;0;255;255;name11;x
3453;0;255;255;name11;x
3454;0;255;255;name11;x
3455;0;255;255;name11;x
3456;0;255;255;name11;x
3457;0;255;255;name11;x
3458;37;125;0;name106;x
3459;37;125;0;name106;x
3460;0;255;255;name11;x
3461;0;255;255;name11;x
3462;0;255;255;name11;x
3463;32;255;255;name11;x
3464;23;255;255;name11;x
3465;0;255;255;name11;x
3466;51;125;0;name84;x
3467;31;255;255;name11;x
3468;51;255;255;name11;x
3469;55;125;0;name84;x
3470;55;125;0;name84;x
3471;68;125;0;name84;x
3472;47;125;0;name84;x
3473;47;125;0;name84;x
3474;36;125;0;name84;x
3475;32;255;255;name11;x
3476;32;255;255;name11;x
3477;42;125;0;name107;x
3478;42;125;0;name107;x
3479;122;125;0;name103;x
3480;122;125;0;name103;x
3481;85;125;0;name103;x
3482;85;125;0;name103;x
3483;85;125;0;name103;x
3484;58;125;0;name103;x
3485;58;125;0;name103;x
3486;58;125;0;name103;x
3487;68;125;0;name103;x
3488;68;125;0;name103;x
3489;168;125;0;name103;x
3490;229;125;0;name103;x
3491;102;125;0;name91;x
3492;83;125;0;name91;x
3493;32;255;255;name11;x
3494;28;255;255;name11;x
3495;32;255;255;name11;x
3496;36;125;0;name72;x
3497;34;125;0;name72;x
3498;34;125;0;name72;x
3499;36;125;0;name72;x
3500;40;125;0;name72;x
3501;46;125;0;name72;x
3502;46;125;0;name72;x
3503;115;125;0;name91;x
3504;102;125;0;name91;x
3505;255;125;0;name91;x
3506;255;125;0;name91;x
3507;255;125;0;name91;x
3508;148;125;0;name91;x
3509;115;125;0;name91;x
3510;106;125;0;name91;x
3511;109;125;0;name91;x
3512;115;125;0;name91;x
3513;112;125;0;name91;x
3514;144;125;0;name91;x
3515;195;125;0;name11;x
3516;181;125;0;name11;x
3517;129;125;0;name11;x
3518;140;125;0;name11;x
3519;148;125;0;name11;x
3520;148;125;0;name98;x
3521;136;125;0;name98;x
3522;168;125;0;name100;x
3523;177;125;0;name100;x
3524;144;125;0;name100;x
3525;144;125;0;name100;x
3526;144;125;0;name100;x
3527;78;125;0;name99;x
3528;78;125;0;name99;x
3529;55;125;0;name99;x
3530;55;125;0;name99;x
3531;33;125;0;name99;x
3532;33;125;0;name99;x
3533;47;125;0;name99;x
3534;80;125;0;name99;x
3535;80;125;0;name99;x
3536;119;125;0;name99;x
3537;0;255;255;name11;x
3538;0;255;255;name11;x
3539;0;255;255;name11;x
3540;0;255;255;name11;x
3541;0;255;255;name11;x
3542;26;255;255;name11;x
3543;0;255;255;name11;x
3544;26;255;255;name11;x
3545;32;255;255;name11;x
3546;26;255;255;name11;x
3547;26;255;255;name11;x
3548;32;255;255;name11;x
3549;0;255;255;name11;x
3550;34;255;255;name11;x
3551;1;255;255;name11;x
3552;1;255;255;name11;x
3553;0;255;255;name11;x
3554;0;255;255;name11;x
3555;0;255;255;name11;x
3556;1;255;255;name11;x
3557;0;255;255;name11;x
3558;106;125;0;name92;x
3559;177;125;0;name92;x
3560;190;125;0;name11;x
3561;214;125;0;name11;x
3562;229;125;0;name11;x
3563;190;125;0;name11;x
3564;255;125;0;name11;x
3565;255;125;0;name11;x
3566;255;125;0;name11;x
3567;164;125;0;name108;x
3568;115;125;0;name89;x
3569;78;125;0;name89;x
3570;55;125;0;name89;x
3571;47;125;0;name89;x
3572;43;125;0;name109;x
3573;40;125;0;name109;x
3574;40;125;0;name109;x
3575;41;125;0;name109;x
3576;43;125;0;name105;x
3577;46;125;0;name105;x
3578;50;125;0;name105;x
3579;51;125;0;name95;x
3580;43;125;0;name95;x
3581;43;125;0;name95;x
3582;33;125;0;name95;x
3583;32;255;255;name11;x
3584;33;255;255;name11;x
3585;32;255;255;name11;x
3586;32;255;255;name11;x
3587;30;255;255;name11;x
3588;0;255;255;name11;x
3589;0;255;255;name11;x
3590;0;255;255;name11;x
3591;0;255;255;name11;x
3592;34;125;0;name101;x
3593;50;125;0;name101;x
3594;78;125;0;name101;x
3595;78;125;0;name110;x
3596;88;125;0;name110;x
3597;30;255;255;name11;x
3598;30;255;255;name11;x
3599;88;255;255;name11;x
3600;23;255;255;name11;x
3601;0;255;255;name11;x
3602;0;255;255;name11;x
3603;0;255;255;name11;x
3604;31;255;255;name11;x
3605;31;255;255;name11;x
3606;0;255;255;name11;x
3607;23;255;255;name11;x
3608;23;255;255;name11;x
3609;23;255;255;name11;x
3610;32;255;255;name11;x
3611;32;255;255;name11;x
3612;23;255;255;name11;x
3613;23;255;255;name11;x
3614;23;255;255;name11;x
3615;31;255;255;name11;x
3616;71;125;0;name84;x
3617;31;255;255;name11;x
3618;31;255;255;name11;x
3619;32;255;255;name11;x
3620;27;255;255;name11;x
3621;32;255;255;name11;x
3622;75;125;0;name107;x
3623;75;125;0;name107;x
3624;144;125;0;name107;x
3625;119;125;0;name103;x
3626;119;125;0;name107;x
3627;119;125;0;name103;x
3628;152;125;0;name103;x
3629;199;125;0;name103;x
3630;199;125;0;name103;x
3631;152;125;0;name103;x
3632;199;125;0;name103;x
3633;255;125;0;name111;x
3634;186;125;0;name91;x
3635;106;125;0;name91;x
3636;106;125;0;name91;x
3637;28;255;255;name11;x
3638;32;255;255;name11;x
3639;33;125;0;name72;x
3640;33;125;0;name72;x
3641;48;125;0;name72;x
3642;36;125;0;name72;x
3643;37;125;0;name72;x
3644;39;125;0;name72;x
3645;48;125;0;name72;x
3646;204;125;0;name91;x
3647;239;125;0;name91;x
3648;255;125;0;name91;x
3649;255;125;0;name91;x
3650;199;125;0;name11;x
3651;140;125;0;name11;x
3652;136;125;0;name91;x
3653;133;125;0;name91;x
3654;133;125;0;name91;x
3655;136;125;0;name91;x
3656;239;125;0;name91;x
3657;255;125;0;name91;x
3658;255;125;0;name11;x
3659;255;125;0;name11;x
3660;255;125;0;name11;x
3661;250;125;0;name11;x
3662;199;125;0;name11;x
3663;160;125;0;name11;x
3664;164;125;0;name11;x
3665;160;125;0;name98;x
3666;133;125;0;name100;x
3667;152;125;0;name100;x
3668;36;125;0;name112;x
3669;32;255;255;name11;x
3670;32;255;255;name11;x
3671;32;255;255;name11;x
3672;34;255;255;name11;x
3673;32;255;255;name11;x
3674;32;255;255;name11;x
3675;32;255;255;name11;x
3676;32;255;255;name11;x
3677;32;255;255;name11;x
3678;32;255;255;name11;x
3679;40;125;0;name99;x
3680;32;255;255;name11;x
3681;43;255;255;name11;x
3682;0;255;255;name11;x
3683;23;255;255;name11;x
3684;0;255;255;name11;x
3685;0;255;255;name11;x
3686;0;255;255;name11;x
3687;0;255;255;name11;x
3688;31;255;255;name11;x
3689;31;255;255;name11;x
3690;34;125;0;name100;x
3691;0;255;255;name11;x
3692;0;255;255;name11;x
3693;0;255;255;name11;x
3694;0;255;255;name11;x
3695;0;255;255;name11;x
3696;42;125;0;name92;x
3697;42;125;0;name92;x
3698;91;125;0;name92;x
3699;219;125;0;name92;x
3700;255;125;0;name11;x
3701;239;125;0;name11;x
3702;244;125;0;name11;x
3703;219;125;0;name11;x
3704;255;125;0;name11;x
3705;255;125;0;name11;x
3706;195;125;0;name108;x
3707;115;125;0;name109;x
3708;73;125;0;name109;x
3709;53;125;0;name89;x
3710;44;125;0;name89;x
3711;42;125;0;name109;x
3712;38;125;0;name109;x
3713;37;125;0;name109;x
3714;40;125;0;name109;x
3715;43;125;0;name109;x
3716;44;125;0;name105;x
3717;88;125;0;name95;x
3718;36;125;0;name95;x
3719;32;125;0;name95;x
3720;31;255;255;name11;x
3721;31;255;255;name11;x
3722;0;255;255;name11;x
3723;0;255;255;name11;x
3724;0;255;255;name11;x
3725;27;255;255;name11;x
3726;0;255;255;name11;x
3727;27;255;255;name11;x
3728;27;255;255;name11;x
3729;32;255;255;name11;x
3730;32;255;255;name11;x
3731;32;255;255;name11;x
3732;30;255;255;name11;x
3733;30;255;255;name11;x
3734;30;255;255;name11;x
3735;30;255;255;name11;x
3736;46;125;0;name102;x
3737;56;125;0;name102;x
3738;56;125;0;name106;x
3739;55;125;0;name106;x
3740;55;125;0;name106;x
3741;53;125;0;name106;x
3742;53;125;0;name106;x
3743;31;255;255;name11;x
3744;31;255;255;name11;x
3745;31;255;255;name11;x
3746;27;255;255;name11;x
3747;0;255;255;name11;x
3748;27;255;255;name11;x
3749;27;255;255;name11;x
3750;27;255;255;name11;x
3751;27;255;255;name11;x
3752;27;255;255;name11;x
3753;32;125;0;name107;x
3754;32;125;0;name107;x
3755;34;125;0;name107;x
3756;68;125;0;name107;x
3757;32;255;255;name11;x
3758;32;255;255;name11;x
3759;68;255;255;name11;x
3760;55;125;0;name113;x
3761;53;125;0;name113;x
3762;53;125;0;name113;x
3763;73;125;0;name111;x
3764;199;125;0;name91;x
3765;239;125;0;name91;x
3766;144;125;0;name91;x
3767;144;125;0;name91;x
3768;106;125;0;name72;x
3769;129;125;0;name72;x
3770;133;125;0;name91;x
3771;181;125;0;name72;x
3772;68;125;0;name72;x
3773;64;125;0;name72;x
3774;96;125;0;name91;x
3775;144;125;0;name91;x
3776;199;125;0;name91;x
3777;255;125;0;name91;x
3778;255;125;0;name91;x
3779;255;125;0;name11;x
3780;255;125;0;name11;x
3781;239;125;0;name11;x
3782;250;125;0;name11;x
3783;255;125;0;name11;x
3784;255;125;0;name11;x
3785;255;125;0;name11;x
3786;255;125;0;name11;x
3787;255;125;0;name11;x
3788;255;125;0;name11;x
3789;255;125;0;name11;x
3790;255;125;0;name11;x
3791;255;125;0;name11;x
3792;250;125;0;name11;x
3793;204;125;0;name11;x
3794;160;125;0;name98;x
3795;115;125;0;name98;x
3796;115;125;0;name112;x
3797;34;125;0;name112;x
3798;34;125;0;name112;x
3799;38;125;0;name112;x
3800;34;125;0;name112;x
3801;32;255;255;name11;x
3802;32;255;255;name11;x
3803;32;255;255;name11;x
3804;32;255;255;name11;x
3805;32;255;255;name11;x
3806;32;255;255;name11;x
3807;43;125;0;name100;x
3808;43;125;0;name100;x
3809;0;255;255;name11;x
3810;23;255;255;name11;x
3811;23;255;255;name11;x
3812;58;125;0;name100;x
3813;58;125;0;name100;x
3814;66;125;0;name100;x
3815;30;255;255;name11;x
3816;30;255;255;name11;x
3817;30;255;255;name11;x
3818;0;255;255;name11;x
3819;30;255;255;name11;x
3820;0;255;255;name11;x
3821;0;255;255;name11;x
3822;0;255;255;name11;x
3823;0;255;255;name11;x
3824;39;125;0;name92;x
3825;39;125;0;name92;x
3826;119;125;0;name93;x
3827;109;125;0;name93;x
3828;102;125;0;name93;x
3829;224;125;0;name11;x
3830;234;125;0;name11;x
3831;255;125;0;name11;x
3832;255;125;0;name11;x
3833;204;125;0;name108;x
3834;109;125;0;name109;x
3835;68;125;0;name109;x
3836;47;125;0;name109;x
3837;44;125;0;name109;x
3838;48;125;0;name109;x
3839;36;125;0;name109;x
3840;36;125;0;name109;x
3841;42;125;0;name109;x
3842;55;125;0;name109;x
3843;78;125;0;name109;x
3844;42;125;0;name109;x
3845;33;125;0;name95;x
3846;33;125;0;name109;x
3847;32;255;255;name11;x
3848;32;255;255;name11;x
3849;0;255;255;name11;x
3850;17;255;255;name11;x
3851;17;255;255;name11;x
3852;42;125;0;name114;x
3853;42;125;0;name114;x
3854;42;125;0;name114;x
3855;106;125;0;name114;x
3856;129;125;0;name114;x
3857;125;125;0;name114;x
3858;119;125;0;name114;x
3859;119;125;0;name102;x
3860;53;125;0;name102;x
3861;32;255;255;name11;x
3862;37;125;0;name106;x
3863;37;125;0;name106;x
3864;32;255;255;name11;x
3865;30;255;255;name11;x
3866;30;255;255;name11;x
3867;0;255;255;name11;x
3868;31;255;255;name11;x
3869;0;255;255;name11;x
3870;0;255;255;name11;x
3871;0;255;255;name11;x
3872;0;255;255;name11;x
3873;31;255;255;name11;x
3874;0;255;255;name11;x
3875;0;255;255;name11;x
3876;28;255;255;name11;x
3877;31;255;255;name11;x
3878;0;255;255;name11;x
3879;0;255;255;name11;x
3880;0;255;255;name11;x
3881;0;255;255;name11;x
3882;0;255;255;name11;x
3883;31;255;255;name11;x
3884;0;255;255;name11;x
3885;31;255;255;name11;x
3886;31;255;255;name11;x
3887;102;125;0;name113;x
3888;102;125;0;name115;x
3889;64;125;0;name113;x
3890;46;125;0;name113;x
3891;34;125;0;name116;x
3892;96;125;0;name116;x
3893;219;125;0;name91;x
3894;234;125;0;name91;x
3895;115;125;0;name91;x
3896;102;125;0;name91;x
3897;115;125;0;name91;x
3898;152;125;0;name91;x
3899;106;125;0;name91;x
3900;244;125;0;name72;x
3901;255;125;0;name91;x
3902;255;125;0;name91;x
3903;229;125;0;name91;x
3904;75;125;0;name91;x
3905;209;125;0;name117;x
3906;255;125;0;name117;x
3907;255;125;0;name11;x
3908;255;125;0;name11;x
3909;255;125;0;name11;x
3910;255;125;0;name11;x
3911;255;125;0;name11;x
3912;255;125;0;name11;x
3913;255;125;0;name11;x
3914;255;125;0;name11;x
3915;255;125;0;name11;x
3916;255;125;0;name11;x
3917;255;125;0;name11;x
3918;255;125;0;name98;x
3919;255;125;0;name98;x
3920;181;125;0;name98;x
3921;112;125;0;name112;x
3922;125;125;0;name112;x
3923;42;125;0;name112;x
3924;33;125;0;name112;x
3925;33;125;0;name112;x
3926;33;125;0;name112;x
3927;32;255;255;name11;x
3928;32;255;255;name11;x
3929;32;255;255;name11;x
3930;32;255;255;name11;x
3931;32;255;255;name11;x
3932;32;255;255;name11;x
3933;32;125;0;name100;x
3934;32;125;0;name100;x
3935;38;125;0;name100;x
3936;34;125;0;name100;x
3937;30;255;255;name11;x
3938;30;255;255;name11;x
3939;0;255;255;name11;x
3940;0;255;255;name11;x
3941;0;255;255;name11;x
3942;0;255;255;name11;x
3943;0;255;255;name11;x
3944;0;255;255;name11;x
3945;0;255;255;name11;x
3946;17;255;255;name11;x
3947;17;255;255;name11;x
3948;34;125;0;name93;x
3949;34;125;0;name93;x
3950;88;125;0;name93;x
3951;88;125;0;name93;x
3952;47;125;0;name93;x
3953;112;125;0;name93;x
3954;229;125;0;name11;x
3955;255;125;0;name11;x
3956;219;125;0;name11;x
3957;148;125;0;name108;x
3958;106;125;0;name109;x
3959;51;125;0;name109;x
3960;42;125;0;name109;x
3961;38;125;0;name109;x
3962;34;125;0;name109;x
3963;33;125;0;name109;x
3964;36;125;0;name109;x
3965;42;125;0;name109;x
3966;43;125;0;name109;x
3967;36;125;0;name109;x
3968;36;125;0;name109;x
3969;33;125;0;name109;x
3970;32;255;255;name11;x
3971;32;255;255;name11;x
3972;32;255;255;name11;x
3973;26;255;255;name11;x
3974;0;255;255;name11;x
3975;0;255;255;name11;x
3976;0;255;255;name11;x
3977;1;255;255;name11;x
3978;1;255;255;name11;x
3979;96;125;0;name114;x
3980;96;125;0;name114;x
3981;172;125;0;name114;x
3982;115;125;0;name114;x
3983;94;125;0;name114;x
3984;75;125;0;name114;x
3985;62;125;0;name106;x
3986;42;125;0;name106;x
3987;42;125;0;name106;x
3988;37;125;0;name106;x
3989;42;125;0;name106;x
3990;42;125;0;name106;x
3991;55;125;0;name106;x
3992;55;125;0;name106;x
3993;53;125;0;name106;x
3994;32;255;255;name11;x
3995;28;255;255;name11;x
3996;28;255;255;name11;x
3997;31;255;255;name11;x
3998;39;125;0;name118;x
3999;39;125;0;name118;x
4000;39;125;0;name118;x
4001;32;125;0;name118;x
4002;32;125;0;name118;x
4003;31;255;255;name11;x
4004;31;255;255;name11;x
4005;28;255;255;name11;x
4006;31;255;255;name11;x
4007;31;255;255;name11;x
4008;31;255;255;name11;x
4009;44;125;0;name115;x
4010;44;125;0;name115;x
4011;80;125;0;name115;x
4012;91;125;0;name113;x
4013;56;125;0;name113;x
4014;40;125;0;name116;x
4015;33;125;0;name116;x
4016;33;125;0;name116;x
4017;144;125;0;name116;x
4018;244;125;0;name91;x
4019;204;125;0;name91;x
4020;152;125;0;name91;x
4021;115;125;0;name91;x
4022;88;125;0;name91;x
4023;88;125;0;name91;x
4024;140;125;0;name91;x
4025;255;125;0;name91;x
4026;125;125;0;name91;x
4027;38;125;0;name119;x
4028;39;125;0;name117;x
4029;80;125;0;name117;x
4030;255;125;0;name120;x
4031;255;125;0;name120;x
4032;255;125;0;name120;x
4033;255;125;0;name11;x
4034;255;125;0;name11;x
4035;255;125;0;name11;x
4036;255;125;0;name11;x
4037;255;125;0;name11;x
4038;255;125;0;name11;x
4039;255;125;0;name11;x
4040;255;125;0;name11;x
4041;255;125;0;name98;x
4042;115;125;0;name98;x
4043;68;125;0;name112;x
4044;109;125;0;name112;x
4045;85;125;0;name112;x
4046;37;125;0;name112;x
4047;40;125;0;name112;x
4048;34;125;0;name112;x
4049;33;125;0;name112;x
4050;33;125;0;name112;x
4051;32;255;255;name11;x
4052;32;255;255;name11;x
4053;32;255;255;name11;x
4054;32;255;255;name11;x
4055;32;255;255;name11;x
4056;29;255;255;name11;x
4057;32;255;255;name11;x
4058;32;255;255;name11;x
4059;0;255;255;name11;x
4060;0;255;255;name11;x
4061;0;255;255;name11;x
4062;0;255;255;name11;x
4063;0;255;255;name11;x
4064;0;255;255;name11;x
4065;0;255;255;name11;x
4066;0;255;255;name11;x
4067;0;255;255;name11;x
4068;0;255;255;name11;x
4069;32;255;255;name11;x
4070;33;125;0;name93;x
4071;33;125;0;name93;x
4072;64;125;0;name93;x
4073;156;125;0;name93;x
4074;168;125;0;name11;x
4075;160;125;0;name11;x
4076;115;125;0;name108;x
4077;88;125;0;name109;x
4078;60;125;0;name109;x
4079;39;125;0;name109;x
4080;34;125;0;name109;x
4081;34;125;0;name109;x
4082;34;125;0;name109;x
4083;34;125;0;name109;x
4084;34;125;0;name109;x
4085;34;125;0;name109;x
4086;34;125;0;name109;x
4087;34;125;0;name109;x
4088;34;125;0;name109;x
4089;34;125;0;name109;x
4090;33;125;0;name109;x
4091;32;255;255;name11;x
4092;27;255;255;name11;x
4093;0;255;255;name11;x
4094;0;255;255;name11;x
4095;0;255;255;name11;x
4096;0;255;255;name11;x
4097;0;255;255;name11;x
4098;0;255;255;name11;x
4099;34;125;0;name114;x
4100;34;125;0;name114;x
4101;62;125;0;name114;x
4102;66;125;0;name114;x
4103;58;125;0;name114;x
4104;53;125;0;name114;x
4105;46;125;0;name114;x
4106;60;125;0;name106;x
4107;50;125;0;name106;x
4108;47;125;0;name106;x
4109;62;125;0;name106;x
4110;73;125;0;name106;x
4111;68;125;0;name106;x
4112;56;125;0;name106;x
4113;56;125;0;name121;x
4114;41;125;0;name121;x
4115;41;125;0;name121;x
4116;36;125;0;name118;x
4117;34;125;0;name118;x
4118;34;125;0;name118;x
4119;33;125;0;name118;x
4120;33;125;0;name118;x
4121;37;125;0;name118;x
4122;36;125;0;name118;x
4123;36;125;0;name118;x
4124;43;125;0;name118;x
4125;43;125;0;name118;x
4126;109;125;0;name115;x
4127;109;125;0;name115;x
4128;99;125;0;name115;x
4129;99;125;0;name113;x
4130;91;125;0;name113;x
4131;83;125;0;name113;x
4132;62;125;0;name116;x
4133;47;125;0;name116;x
4134;34;125;0;name116;x
4135;33;125;0;name116;x
4136;33;125;0;name116;x
4137;156;125;0;name116;x
4138;156;125;0;name91;x
4139;234;125;0;name91;x
4140;234;125;0;name91;x
4141;255;125;0;name91;x
4142;255;125;0;name116;x
4143;255;125;0;name122;x
4144;99;125;0;name91;x
4145;160;125;0;name91;x
4146;102;125;0;name119;x
4147;119;125;0;name119;x
4148;53;125;0;name119;x
4149;42;125;0;name119;x
4150;36;125;0;name119;x
4151;39;125;0;name119;x
4152;41;125;0;name120;x
4153;39;125;0;name120;x
4154;88;125;0;name120;x
4155;255;125;0;name120;x
4156;255;125;0;name120;x
4157;255;125;0;name120;x
4158;255;125;0;name120;x
4159;255;125;0;name120;x
4160;255;125;0;name120;x
4161;255;125;0;name120;x
4162;255;125;0;name11;x
4163;255;125;0;name98;x
4164;255;125;0;name98;x
4165;66;125;0;name98;x
4166;75;125;0;name112;x
4167;85;125;0;name112;x
4168;44;125;0;name112;x
4169;36;125;0;name112;x
4170;41;125;0;name112;x
4171;36;125;0;name112;x
4172;50;125;0;name112;x
4173;33;125;0;name112;x
4174;33;125;0;name112;x
4175;32;255;255;name11;x
4176;0;255;255;name11;x
4177;0;255;255;name11;x
4178;0;255;255;name11;x
4179;0;255;255;name11;x
4180;0;255;255;name11;x
4181;0;255;255;name11;x
4182;38;125;0;name93;x
4183;38;125;0;name93;x
4184;32;125;0;name93;x
4185;32;125;0;name93;x
4186;66;125;0;name93;x
4187;224;125;0;name93;x
4188;224;125;0;name123;x
4189;177;125;0;name108;x
4190;133;125;0;name108;x
4191;73;125;0;name109;x
4192;39;125;0;name109;x
4193;34;125;0;name109;x
4194;32;255;255;name11;x
4195;32;255;255;name11;x
4196;32;255;255;name11;x
4197;32;255;255;name11;x
4198;32;255;255;name11;x
4199;32;255;255;name11;x
4200;30;255;255;name11;x
4201;30;255;255;name11;x
4202;30;255;255;name11;x
4203;32;255;255;name11;x
4204;32;255;255;name11;x
4205;33;125;0;name109;x
4206;27;255;255;name11;x
4207;27;255;255;name11;x
4208;40;255;255;name11;x
4209;41;125;0;name114;x
4210;51;125;0;name114;x
4211;53;125;0;name114;x
4212;50;125;0;name114;x
4213;51;125;0;name114;x
4214;44;125;0;name114;x
4215;42;125;0;name114;x
4216;44;125;0;name114;x
4217;75;125;0;name106;x
4218;88;125;0;name106;x
4219;85;125;0;name106;x
4220;71;125;0;name106;x
4221;62;125;0;name106;x
4222;60;125;0;name121;x
4223;60;125;0;name121;x
4224;43;125;0;name121;x
4225;40;125;0;name118;x
4226;44;125;0;name118;x
4227;46;125;0;name118;x
4228;42;125;0;name118;x
4229;43;125;0;name118;x
4230;51;125;0;name118;x
4231;27;255;255;name11;x
4232;66;255;255;name11;x
4233;66;125;0;name113;x
4234;66;125;0;name113;x
4235;115;125;0;name113;x
4236;112;125;0;name113;x
4237;78;125;0;name113;x
4238;66;125;0;name116;x
4239;44;125;0;name116;x
4240;33;125;0;name116;x
4241;33;125;0;name116;x
4242;32;255;255;name11;x
4243;37;125;0;name122;x
4244;32;255;255;name11;x
4245;58;125;0;name116;x
4246;58;125;0;name91;x
4247;78;125;0;name91;x
4248;78;125;0;name91;x
4249;80;125;0;name91;x
4250;80;125;0;name119;x
4251;80;125;0;name119;x
4252;38;125;0;name119;x
4253;38;125;0;name119;x
4254;34;125;0;name119;x
4255;34;125;0;name119;x
4256;40;125;0;name119;x
4257;48;125;0;name119;x
4258;46;125;0;name120;x
4259;39;125;0;name120;x
4260;36;125;0;name120;x
4261;34;125;0;name120;x
4262;34;125;0;name120;x
4263;51;125;0;name120;x
4264;62;125;0;name120;x
4265;62;125;0;name120;x
4266;62;125;0;name120;x
4267;62;125;0;name120;x
4268;83;125;0;name120;x
4269;62;125;0;name120;x
4270;91;125;0;name120;x
4271;148;125;0;name98;x
4272;255;125;0;name98;x
4273;255;125;0;name98;x
4274;239;125;0;name98;x
4275;133;125;0;name98;x
4276;78;125;0;name124;x
4277;60;125;0;name112;x
4278;50;125;0;name112;x
4279;50;125;0;name112;x
4280;62;125;0;name112;x
4281;43;125;0;name112;x
4282;43;125;0;name112;x
4283;43;125;0;name112;x
4284;32;255;255;name11;x
4285;32;255;255;name11;x
4286;31;255;255;name11;x
4287;1;255;255;name11;x
4288;0;255;255;name11;x
4289;0;255;255;name11;x
4290;17;255;255;name11;x
4291;17;255;255;name11;x
4292;17;255;255;name11;x
4293;36;125;0;name93;x
4294;30;255;255;name11;x
4295;26;255;255;name11;x
4296;106;125;0;name123;x
4297;106;125;0;name123;x
4298;244;125;0;name123;x
4299;148;125;0;name123;x
4300;119;125;0;name108;x
4301;41;125;0;name109;x
4302;32;255;255;name11;x
4303;32;255;255;name11;x
4304;0;255;255;name11;x
4305;0;255;255;name11;x
4306;0;255;255;name11;x
4307;0;255;255;name11;x
4308;31;255;255;name11;x
4309;32;255;255;name11;x
4310;32;255;255;name11;x
4311;29;255;255;name11;x
4312;27;255;255;name11;x
4313;27;255;255;name11;x
4314;40;125;0;name114;x
4315;40;125;0;name114;x
4316;44;125;0;name114;x
4317;42;125;0;name114;x
4318;44;125;0;name114;x
4319;46;125;0;name114;x
4320;44;125;0;name114;x
4321;43;125;0;name114;x
4322;47;125;0;name114;x
4323;56;125;0;name114;x
4324;109;125;0;name114;x
4325;168;125;0;name121;x
4326;102;125;0;name121;x
4327;106;125;0;name121;x
4328;75;125;0;name121;x
4329;73;125;0;name121;x
4330;62;125;0;name121;x
4331;73;125;0;name121;x
4332;62;125;0;name118;x
4333;58;125;0;name118;x
4334;80;125;0;name118;x
4335;46;125;0;name118;x
4336;40;125;0;name118;x
4337;42;125;0;name118;x
4338;42;125;0;name118;x
4339;42;125;0;name118;x
4340;38;125;0;name118;x
4341;26;255;255;name11;x
4342;26;255;255;name11;x
4343;66;125;0;name113;x
4344;66;125;0;name113;x
4345;66;125;0;name113;x
4346;109;125;0;name113;x
4347;106;125;0;name113;x
4348;88;125;0;name113;x
4349;53;125;0;name116;x
4350;36;125;0;name116;x
4351;33;125;0;name116;x
4352;33;125;0;name116;x
4353;34;125;0;name116;x
4354;34;125;0;name116;x
4355;34;125;0;name116;x
4356;51;125;0;name116;x
4357;51;125;0;name116;x
4358;28;255;255;name11;x
4359;0;255;255;name11;x
4360;0;255;255;name11;x
4361;0;255;255;name11;x
4362;0;255;255;name11;x
4363;1;255;255;name11;x
4364;1;255;255;name11;x
4365;32;255;255;name11;x
4366;32;255;255;name11;x
4367;32;255;255;name11;x
4368;33;125;0;name119;x
4369;33;125;0;name119;x
4370;34;125;0;name119;x
4371;46;125;0;name119;x
4372;55;125;0;name119;x
4373;56;125;0;name120;x
4374;56;125;0;name120;x
4375;60;125;0;name120;x
4376;58;125;0;name120;x
4377;36;125;0;name120;x
4378;32;125;0;name120;x
4379;32;125;0;name120;x
4380;34;125;0;name120;x
4381;75;125;0;name120;x
4382;44;125;0;name120;x
4383;129;125;0;name98;x
4384;199;125;0;name98;x
4385;195;125;0;name98;x
4386;181;125;0;name98;x
4387;73;125;0;name124;x
4388;46;125;0;name124;x
4389;46;125;0;name124;x
4390;46;125;0;name124;x
4391;41;125;0;name124;x
4392;41;125;0;name112;x
4393;36;125;0;name112;x
4394;44;125;0;name112;x
4395;44;125;0;name112;x
4396;34;125;0;name112;x
4397;34;125;0;name112;x
4398;35;125;0;name112;x
4399;32;255;255;name11;x
4400;35;255;255;name11;x
4401;0;255;255;name11;x
4402;0;255;255;name11;x
4403;0;255;255;name11;x
4404;17;255;255;name11;x
4405;32;255;255;name11;x
4406;26;255;255;name11;x
4407;119;255;255;name11;x
4408;119;125;0;name123;x
4409;255;125;0;name93;x
4410;255;125;0;name108;x
4411;109;125;0;name108;x
4412;109;125;0;name108;x
4413;31;255;255;name11;x
4414;32;255;255;name11;x
4415;32;255;255;name11;x
4416;0;255;255;name11;x
4417;0;255;255;name11;x
4418;30;255;255;name11;x
4419;32;255;255;name11;x
4420;30;255;255;name11;x
4421;0;255;255;name11;x
4422;23;255;255;name11;x
4423;23;255;255;name11;x
4424;17;255;255;name11;x
4425;0;255;255;name11;x
4426;0;255;255;name11;x
4427;31;255;255;name11;x
4428;36;125;0;name125;x
4429;36;125;0;name125;x
4430;47;125;0;name125;x
4431;53;125;0;name125;x
4432;50;125;0;name125;x
4433;44;125;0;name125;x
4434;44;125;0;name125;x
4435;46;125;0;name125;x
4436;51;125;0;name126;x
4437;64;125;0;name126;x
4438;68;125;0;name126;x
4439;66;125;0;name121;x
4440;78;125;0;name121;x
4441;58;125;0;name121;x
4442;62;125;0;name121;x
4443;83;125;0;name121;x
4444;168;125;0;name121;x
4445;75;125;0;name121;x
4446;66;125;0;name121;x
4447;73;125;0;name118;x
4448;68;125;0;name118;x
4449;50;125;0;name118;x
4450;46;125;0;name118;x
4451;51;125;0;name118;x
4452;64;125;0;name118;x
4453;32;255;255;name11;x
4454;32;255;255;name11;x
4455;34;125;0;name113;x
4456;34;125;0;name113;x
4457;148;125;0;name113;x
4458;148;125;0;name113;x
4459;148;125;0;name113;x
4460;106;125;0;name113;x
4461;78;125;0;name113;x
4462;48;125;0;name116;x
4463;41;125;0;name116;x
4464;36;125;0;name116;x
4465;34;125;0;name116;x
4466;34;125;0;name116;x
4467;36;125;0;name116;x
4468;31;255;255;name11;x
4469;31;255;255;name11;x
4470;0;255;255;name11;x
4471;0;255;255;name11;x
4472;1;255;255;name11;x
4473;1;255;255;name11;x
4474;32;255;255;name11;x
4475;17;255;255;name11;x
4476;33;125;0;name119;x
4477;33;125;0;name119;x
4478;51;125;0;name119;x
4479;53;125;0;name119;x
4480;50;125;0;name120;x
4481;48;125;0;name120;x
4482;46;125;0;name120;x
4483;46;125;0;name120;x
4484;42;125;0;name120;x
4485;32;255;255;name11;x
4486;32;255;255;name11;x
4487;31;255;255;name11;x
4488;31;255;255;name11;x
4489;32;255;255;name11;x
4490;56;125;0;name120;x
4491;56;125;0;name120;x
4492;50;125;0;name120;x
4493;50;125;0;name124;x
4494;50;125;0;name124;x
4495;115;125;0;name124;x
4496;99;125;0;name124;x
4497;96;125;0;name124;x
4498;80;125;0;name124;x
4499;34;125;0;name124;x
4500;32;255;255;name11;x
4501;32;255;255;name11;x
4502;32;255;255;name11;x
4503;32;255;255;name11;x
4504;31;255;255;name11;x
4505;31;255;255;name11;x
4506;23;255;255;name11;x
4507;23;255;255;name11;x
4508;0;255;255;name11;x
4509;0;255;255;name11;x
4510;0;255;255;name11;x
4511;32;255;255;name11;x
4512;32;255;255;name11;x
4513;199;125;0;name93;x
4514;199;125;0;name93;x
4515;255;125;0;name93;x
4516;148;125;0;name108;x
4517;148;125;0;name108;x
4518;148;125;0;name108;x
4519;32;255;255;name11;x
4520;32;255;255;name11;x
4521;0;255;255;name11;x
4522;0;255;255;name11;x
4523;32;255;255;name11;x
4524;17;255;255;name11;x
4525;32;255;255;name11;x
4526;32;125;0;name108;x
4527;32;125;0;name108;x
4528;28;255;255;name11;x
4529;0;255;255;name11;x
4530;28;255;255;name11;x
4531;0;255;255;name11;x
4532;23;255;255;name11;x
4533;23;255;255;name11;x
4534;0;255;255;name11;x
4535;0;255;255;name11;x
4536;0;255;255;name11;x
4537;23;255;255;name11;x
4538;33;125;0;name125;x
4539;33;125;0;name125;x
4540;36;125;0;name125;x
4541;46;125;0;name125;x
4542;43;125;0;name125;x
4543;46;125;0;name125;x
4544;44;125;0;name125;x
4545;44;125;0;name126;x
4546;48;125;0;name126;x
4547;55;125;0;name126;x
4548;48;125;0;name126;x
4549;53;125;0;name121;x
4550;96;125;0;name121;x
4551;53;125;0;name121;x
4552;56;125;0;name121;x
4553;53;125;0;name121;x
4554;50;125;0;name121;x
4555;51;125;0;name121;x
4556;71;125;0;name121;x
4557;78;125;0;name118;x
4558;66;125;0;name118;x
4559;53;125;0;name118;x
4560;44;125;0;name118;x
4561;55;125;0;name118;x
4562;55;125;0;name118;x
4563;55;125;0;name118;x
4564;55;125;0;name118;x
4565;55;125;0;name118;x
4566;29;255;255;name11;x
4567;43;125;0;name118;x
4568;43;125;0;name113;x
4569;43;125;0;name118;x
4570;219;125;0;name113;x
4571;94;125;0;name113;x
4572;66;125;0;name116;x
4573;56;125;0;name116;x
4574;55;125;0;name116;x
4575;55;125;0;name116;x
4576;55;125;0;name116;x
4577;48;125;0;name116;x
4578;32;255;255;name11;x
4579;32;255;255;name11;x
4580;0;255;255;name11;x
4581;0;255;255;name11;x
4582;0;255;255;name11;x
4583;0;255;255;name11;x
4584;17;255;255;name11;x
4585;17;255;255;name11;x
4586;32;255;255;name11;x
4587;64;125;0;name119;x
4588;64;125;0;name119;x
4589;64;125;0;name119;x
4590;64;125;0;name119;x
4591;56;125;0;name120;x
4592;56;125;0;name120;x
4593;42;125;0;name120;x
4594;50;125;0;name120;x
4595;27;255;255;name11;x
4596;0;255;255;name11;x
4597;0;255;255;name11;x
4598;0;255;255;name11;x
4599;0;255;255;name11;x
4600;31;255;255;name11;x
4601;31;255;255;name11;x
4602;36;255;255;name11;x
4603;36;125;0;name124;x
4604;73;125;0;name124;x
4605;51;125;0;name124;x
4606;51;125;0;name124;x
4607;55;125;0;name124;x
4608;34;125;0;name124;x
4609;32;255;255;name11;x
4610;32;255;255;name11;x
4611;28;255;255;name11;x
4612;1;255;255;name11;x
4613;0;255;255;name11;x
4614;26;255;255;name11;x
4615;0;255;255;name11;x
4616;0;255;255;name11;x
4617;32;255;255;name11;x
4618;0;255;255;name11;x
4619;85;125;0;name93;x
4620;85;125;0;name93;x
4621;168;125;0;name93;x
4622;164;125;0;name93;x
4623;32;255;255;name11;x
4624;32;255;255;name11;x
4625;32;255;255;name11;x
4626;32;255;255;name11;x
4627;34;125;0;name108;x
4628;34;125;0;name127;x
4629;34;125;0;name93;x
4630;32;255;255;name11;x
4631;32;255;255;name11;x
4632;0;255;255;name11;x
4633;0;255;255;name11;x
4634;0;255;255;name11;x
4635;32;255;255;name11;x
4636;0;255;255;name11;x
4637;0;255;255;name11;x
4638;30;255;255;name11;x
4639;0;255;255;name11;x
4640;33;125;0;name127;x
4641;27;255;255;name11;x
4642;31;255;255;name11;x
4643;29;255;255;name11;x
4644;33;125;0;name125;x
4645;34;125;0;name125;x
4646;40;125;0;name125;x
4647;43;125;0;name125;x
4648;44;125;0;name125;x
4649;44;125;0;name125;x
4650;46;125;0;name126;x
4651;44;125;0;name126;x
4652;44;125;0;name126;x
4653;48;125;0;name126;x
4654;56;125;0;name121;x
4655;58;125;0;name121;x
4656;53;125;0;name121;x
4657;47;125;0;name121;x
4658;46;125;0;name121;x
4659;44;125;0;name121;x
4660;51;125;0;name121;x
4661;88;125;0;name121;x
4662;96;125;0;name121;x
4663;96;125;0;name118;x
4664;64;125;0;name118;x
4665;62;125;0;name118;x
4666;53;125;0;name118;x
4667;56;125;0;name118;x
4668;85;125;0;name118;x
4669;88;125;0;name118;x
4670;30;255;255;name11;x
4671;156;255;255;name11;x
4672;156;125;0;name113;x
4673;156;125;0;name113;x
4674;129;125;0;name113;x
4675;106;125;0;name113;x
4676;106;125;0;name113;x
4677;64;125;0;name116;x
4678;29;255;255;name11;x
4679;1;255;255;name11;x
4680;0;255;255;name11;x
4681;0;255;255;name11;x
4682;0;255;255;name11;x
4683;0;255;255;name11;x
4684;0;255;255;name11;x
4685;17;255;255;name11;x
4686;43;125;0;name119;x
4687;43;125;0;name119;x
4688;64;125;0;name119;x
4689;64;125;0;name119;x
4690;47;125;0;name119;x
4691;47;125;0;name119;x
4692;47;125;0;name119;x
4693;31;255;255;name11;x
4694;31;255;255;name11;x
4695;0;255;255;name11;x
4696;0;255;255;name11;x
4697;0;255;255;name11;x
4698;0;255;255;name11;x
4699;30;255;255;name11;x
4700;32;255;255;name11;x
4701;32;255;255;name11;x
4702;38;125;0;name124;x
4703;38;125;0;name124;x
4704;33;125;0;name124;x
4705;38;125;0;name124;x
4706;36;125;0;name124;x
4707;64;125;0;name124;x
4708;64;125;0;name124;x
4709;33;125;0;name124;x
4710;33;125;0;name124;x
4711;33;125;0;name124;x
4712;0;255;255;name11;x
4713;0;255;255;name11;x
4714;0;255;255;name11;x
4715;0;255;255;name11;x
4716;0;255;255;name11;x
4717;0;255;255;name11;x
4718;0;255;255;name11;x
4719;0;255;255;name11;x
4720;31;255;255;name11;x
4721;31;255;255;name11;x
4722;31;255;255;name11;x
4723;31;255;255;name11;x
4724;60;125;0;name93;x
4725;60;125;0;name127;x
4726;119;125;0;name127;x
4727;119;125;0;name127;x
4728;47;125;0;name127;x
4729;47;125;0;name127;x
4730;47;125;0;name127;x
4731;51;125;0;name127;x
4732;51;125;0;name127;x
4733;51;125;0;name127;x
4734;32;255;255;name11;x
4735;26;255;255;name11;x
4736;0;255;255;name11;x
4737;0;255;255;name11;x
4738;0;255;255;name11;x
4739;30;255;255;name11;x
4740;0;255;255;name11;x
4741;0;255;255;name11;x
4742;30;255;255;name11;x
4743;0;255;255;name11;x
4744;0;255;255;name11;x
4745;1;255;255;name11;x
4746;0;255;255;name11;x
4747;31;255;255;name11;x
4748;33;125;0;name128;x
4749;41;125;0;name128;x
4750;41;125;0;name125;x
4751;47;125;0;name125;x
4752;47;125;0;name125;x
4753;50;125;0;name125;x
4754;46;125;0;name125;x
4755;47;125;0;name128;x
4756;46;125;0;name126;x
4757;43;125;0;name126;x
4758;42;125;0;name126;x
4759;43;125;0;name126;x
4760;55;125;0;name126;x
4761;53;125;0;name121;x
4762;50;125;0;name121;x
4763;46;125;0;name121;x
4764;44;125;0;name121;x
4765;47;125;0;name121;x
4766;55;125;0;name121;x
4767;73;125;0;name121;x
4768;99;125;0;name121;x
4769;64;125;0;name118;x
4770;66;125;0;name129;x
4771;66;125;0;name118;x
4772;53;125;0;name118;x
4773;62;125;0;name118;x
4774;186;125;0;name11;x
4775;190;125;0;name118;x
4776;55;125;0;name130;x
4777;32;255;255;name11;x
4778;30;255;255;name11;x
4779;30;255;255;name11;x
4780;0;255;255;name11;x
4781;0;255;255;name11;x
4782;1;255;255;name11;x
4783;1;255;255;name11;x
4784;17;255;255;name11;x
4785;17;255;255;name11;x
4786;0;255;255;name11;x
4787;0;255;255;name11;x
4788;0;255;255;name11;x
4789;31;255;255;name11;x
4790;0;255;255;name11;x
4791;31;255;255;name11;x
4792;31;255;255;name11;x
4793;88;125;0;name119;x
4794;88;125;0;name119;x
4795;88;125;0;name119;x
4796;62;125;0;name119;x
4797;62;125;0;name119;x
4798;62;125;0;name119;x
4799;27;255;255;name11;x
4800;0;255;255;name11;x
4801;26;255;255;name11;x
4802;17;255;255;name11;x
4803;32;125;0;name124;x
4804;32;125;0;name124;x
4805;33;125;0;name124;x
4806;33;125;0;name124;x
4807;37;125;0;name124;x
4808;37;125;0;name124;x
4809;36;125;0;name124;x
4810;40;125;0;name124;x
4811;53;125;0;name124;x
4812;0;255;255;name11;x
4813;0;255;255;name11;x
4814;0;255;255;name11;x
4815;26;255;255;name11;x
4816;0;255;255;name11;x
4817;0;255;255;name11;x
4818;0;255;255;name11;x
4819;0;255;255;name11;x
4820;0;255;255;name11;x
4821;0;255;255;name11;x
4822;23;255;255;name11;x
4823;31;255;255;name11;x
4824;0;255;255;name11;x
4825;46;125;0;name127;x
4826;34;125;0;name127;x
4827;34;125;0;name127;x
4828;26;255;255;name11;x
4829;26;255;255;name11;x
4830;0;255;255;name11;x
4831;0;255;255;name11;x
4832;1;255;255;name11;x
4833;1;255;255;name11;x
4834;1;255;255;name11;x
4835;30;255;255;name11;x
4836;0;255;255;name11;x
4837;0;255;255;name11;x
4838;0;255;255;name11;x
4839;0;255;255;name11;x
4840;0;255;255;name11;x
4841;0;255;255;name11;x
4842;0;255;255;name11;x
4843;0;255;255;name11;x
4844;32;255;255;name11;x
4845;0;255;255;name11;x
4846;0;255;255;name11;x
4847;0;255;255;name11;x
4848;32;255;255;name11;x
4849;0;255;255;name11;x
4850;37;125;0;name128;x
4851;58;125;0;name125;x
4852;58;125;0;name128;x
4853;50;125;0;name128;x
4854;44;125;0;name128;x
4855;41;125;0;name126;x
4856;38;125;0;name126;x
4857;50;125;0;name126;x
4858;50;125;0;name126;x
4859;42;125;0;name126;x
4860;42;125;0;name126;x
4861;42;125;0;name126;x
4862;48;125;0;name126;x
4863;48;125;0;name126;x
4864;94;125;0;name121;x
4865;47;125;0;name121;x
4866;50;125;0;name121;x
4867;48;125;0;name121;x
4868;50;125;0;name121;x
4869;51;125;0;name121;x
4870;60;125;0;name121;x
4871;68;125;0;name121;x
4872;56;125;0;name129;x
4873;53;125;0;name129;x
4874;53;125;0;name129;x
4875;51;125;0;name118;x
4876;136;125;0;name118;x
4877;224;125;0;name11;x
4878;214;125;0;name11;x
4879;136;125;0;name130;x
4880;144;125;0;name130;x
4881;99;125;0;name130;x
4882;99;125;0;name130;x
4883;102;125;0;name130;x
4884;102;125;0;name130;x
4885;47;125;0;name131;x
4886;0;255;255;name11;x
4887;0;255;255;name11;x
4888;0;255;255;name11;x
4889;0;255;255;name11;x
4890;0;255;255;name11;x
4891;32;125;0;name119;x
4892;32;125;0;name119;x
4893;34;125;0;name119;x
4894;34;125;0;name119;x
4895;29;255;255;name11;x
4896;29;255;255;name11;x
4897;0;255;255;name11;x
4898;0;255;255;name11;x
4899;1;255;255;name11;x
4900;32;255;255;name11;x
4901;1;255;255;name11;x
4902;32;255;255;name11;x
4903;0;255;255;name11;x
4904;32;255;255;name11;x
4905;32;255;255;name11;x
4906;32;255;255;name11;x
4907;32;255;255;name11;x
4908;32;255;255;name11;x
4909;32;255;255;name11;x
4910;32;255;255;name11;x
4911;32;255;255;name11;x
4912;32;255;255;name11;x
4913;31;255;255;name11;x
4914;0;255;255;name11;x
4915;0;255;255;name11;x
4916;0;255;255;name11;x
4917;34;255;255;name11;x
4918;27;255;255;name11;x
4919;27;255;255;name11;x
4920;27;255;255;name11;x
4921;0;255;255;name11;x
4922;0;255;255;name11;x
4923;0;255;255;name11;x
4924;23;255;255;name11;x
4925;0;255;255;name11;x
4926;23;255;255;name11;x
4927;60;125;0;name127;x
4928;27;255;255;name11;x
4929;26;255;255;name11;x
4930;17;255;255;name11;x
4931;32;255;255;name11;x
4932;115;255;255;name11;x
4933;44;125;0;name132;x
4934;44;125;0;name132;x
4935;47;125;0;name132;x
4936;47;125;0;name132;x
4937;51;125;0;name132;x
4938;51;125;0;name133;x
4939;53;125;0;name133;x
4940;42;125;0;name133;x
4941;33;125;0;name133;x
4942;32;255;255;name11;x
4943;32;255;255;name11;x
4944;0;255;255;name11;x
4945;0;255;255;name11;x
4946;0;255;255;name11;x
4947;0;255;255;name11;x
4948;0;255;255;name11;x
4949;0;255;255;name11;x
4950;0;255;255;name11;x
4951;27;255;255;name11;x
4952;34;125;0;name128;x
4953;34;125;0;name128;x
4954;46;125;0;name128;x
4955;41;125;0;name128;x
4956;36;125;0;name128;x
4957;36;125;0;name126;x
4958;41;125;0;name126;x
4959;41;125;0;name126;x
4960;36;125;0;name126;x
4961;32;255;255;name11;x
4962;32;255;255;name11;x
4963;34;125;0;name126;x
4964;36;125;0;name126;x
4965;36;125;0;name126;x
4966;41;125;0;name121;x
4967;102;125;0;name121;x
4968;106;125;0;name121;x
4969;94;125;0;name121;x
4970;62;125;0;name121;x
4971;62;125;0;name121;x
4972;73;125;0;name121;x
4973;75;125;0;name121;x
4974;73;125;0;name129;x
4975;60;125;0;name129;x
4976;55;125;0;name129;x
4977;53;125;0;name129;x
4978;125;125;0;name129;x
4979;190;125;0;name11;x
4980;224;125;0;name129;x
4981;99;125;0;name129;x
4982;71;125;0;name129;x
4983;58;125;0;name130;x
4984;43;125;0;name130;x
4985;43;125;0;name129;x
4986;23;255;255;name11;x
4987;23;255;255;name11;x
4988;0;255;255;name11;x
4989;0;255;255;name11;x
4990;0;255;255;name11;x
4991;0;255;255;name11;x
4992;0;255;255;name11;x
4993;0;255;255;name11;x
4994;34;125;0;name119;x
4995;0;255;255;name11;x
4996;0;255;255;name11;x
4997;0;255;255;name11;x
4998;0;255;255;name11;x
4999;0;255;255;name11;x
5000;0;255;255;name11;x
5001;30;255;255;name11;x
5002;33;125;0;name134;x
5003;33;125;0;name134;x
5004;32;255;255;name11;x
5005;32;255;255;name11;x
5006;32;255;255;name11;x
5007;32;255;255;name11;x
5008;32;255;255;name11;x
5009;32;255;255;name11;x
5010;0;255;255;name11;x
5011;0;255;255;name11;x
5012;0;255;255;name11;x
5013;28;255;255;name11;x
5014;28;255;255;name11;x
5015;34;125;0;name134;x
5016;1;255;255;name11;x
5017;34;255;255;name11;x
5018;31;255;255;name11;x
5019;0;255;255;name11;x
5020;0;255;255;name11;x
5021;0;255;255;name11;x
5022;0;255;255;name11;x
5023;0;255;255;name11;x
5024;23;255;255;name11;x
5025;26;255;255;name11;x
5026;32;255;255;name11;x
5027;32;255;255;name11;x
5028;32;255;255;name11;x
5029;115;125;0;name135;x
5030;115;125;0;name135;x
5031;140;125;0;name132;x
5032;38;125;0;name132;x
5033;34;125;0;name132;x
5034;47;125;0;name133;x
5035;47;125;0;name133;x
5036;53;125;0;name133;x
5037;53;125;0;name133;x
5038;41;125;0;name133;x
5039;41;125;0;name133;x
5040;32;125;0;name133;x
5041;32;125;0;name133;x
5042;31;255;255;name11;x
5043;31;255;255;name11;x
5044;1;255;255;name11;x
5045;33;255;255;name11;x
5046;0;255;255;name11;x
5047;0;255;255;name11;x
5048;0;255;255;name11;x
5049;0;255;255;name11;x
5050;0;255;255;name11;x
5051;0;255;255;name11;x
5052;0;255;255;name11;x
5053;0;255;255;name11;x
5054;0;255;255;name11;x
5055;0;255;255;name11;x
5056;0;255;255;name11;x
5057;0;255;255;name11;x
5058;0;255;255;name11;x
5059;0;255;255;name11;x
5060;23;255;255;name11;x
5061;23;255;255;name11;x
5062;0;255;255;name11;x
5063;31;255;255;name11;x
5064;31;255;255;name11;x
5065;38;125;0;name126;x
5066;38;125;0;name121;x
5067;64;125;0;name121;x
5068;78;125;0;name121;x
5069;68;125;0;name121;x
5070;56;125;0;name121;x
5071;53;125;0;name121;x
5072;56;125;0;name121;x
5073;64;125;0;name121;x
5074;73;125;0;name129;x
5075;83;125;0;name129;x
5076;106;125;0;name129;x
5077;125;125;0;name129;x
5078;83;125;0;name129;x
5079;80;125;0;name129;x
5080;112;125;0;name129;x
5081;53;125;0;name129;x
5082;53;125;0;name129;x
5083;53;125;0;name129;x
5084;60;125;0;name129;x
5085;40;125;0;name129;x
5086;28;255;255;name11;x
5087;40;255;255;name11;x
5088;0;255;255;name11;x
5089;0;255;255;name11;x
5090;0;255;255;name11;x
5091;0;255;255;name11;x
5092;0;255;255;name11;x
5093;0;255;255;name11;x
5094;0;255;255;name11;x
5095;0;255;255;name11;x
5096;0;255;255;name11;x
5097;31;255;255;name11;x
5098;80;255;255;name11;x
5099;80;125;0;name134;x
5100;32;255;255;name11;x
5101;32;255;255;name11;x
5102;40;125;0;name134;x
5103;40;125;0;name134;x
5104;32;255;255;name11;x
5105;32;255;255;name11;x
5106;32;255;255;name11;x
5107;32;255;255;name11;x
5108;32;255;255;name11;x
5109;32;255;255;name11;x
5110;32;255;255;name11;x
5111;32;255;255;name11;x
5112;32;255;255;name11;x
5113;32;255;255;name11;x
5114;85;125;0;name134;x
5115;85;125;0;name134;x
5116;32;255;255;name11;x
5117;0;255;255;name11;x
5118;0;255;255;name11;x
5119;0;255;255;name11;x
5120;0;255;255;name11;x
5121;0;255;255;name11;x
5122;0;255;255;name11;x
5123;0;255;255;name11;x
5124;0;255;255;name11;x
5125;0;255;255;name11;x
5126;0;255;255;name11;x
5127;0;255;255;name11;x
5128;32;255;255;name11;x
5129;32;255;255;name11;x
5130;164;125;0;name135;x
5131;164;125;0;name135;x
5132;75;125;0;name135;x
5133;38;125;0;name135;x
5134;36;125;0;name132;x
5135;35;125;0;name132;x
5136;85;125;0;name133;x
5137;55;125;0;name133;x
5138;37;125;0;name133;x
5139;36;125;0;name133;x
5140;40;125;0;name136;x
5141;40;125;0;name136;x
5142;38;125;0;name136;x
5143;33;125;0;name136;x
5144;31;255;255;name11;x
5145;0;255;255;name11;x
5146;0;255;255;name11;x
5147;0;255;255;name11;x
5148;0;255;255;name11;x
5149;0;255;255;name11;x
5150;0;255;255;name11;x
5151;0;255;255;name11;x
5152;0;255;255;name11;x
5153;0;255;255;name11;x
5154;30;255;255;name11;x
5155;60;125;0;name121;x
5156;60;125;0;name137;x
5157;62;125;0;name121;x
5158;55;125;0;name137;x
5159;47;125;0;name121;x
5160;48;125;0;name121;x
5161;55;125;0;name121;x
5162;56;125;0;name121;x
5163;64;125;0;name129;x
5164;99;125;0;name129;x
5165;144;125;0;name129;x
5166;125;125;0;name129;x
5167;190;125;0;name129;x
5168;129;125;0;name130;x
5169;42;125;0;name129;x
5170;34;125;0;name129;x
5171;34;125;0;name129;x
5172;31;255;255;name11;x
5173;0;255;255;name11;x
5174;0;255;255;name11;x
5175;0;255;255;name11;x
5176;0;255;255;name11;x
5177;0;255;255;name11;x
5178;0;255;255;name11;x
5179;0;255;255;name11;x
5180;0;255;255;name11;x
5181;0;255;255;name11;x
5182;0;255;255;name11;x
5183;32;255;255;name11;x
5184;0;255;255;name11;x
5185;48;125;0;name134;x
5186;33;125;0;name134;x
5187;33;125;0;name134;x
5188;32;255;255;name11;x
5189;32;255;255;name11;x
5190;32;255;255;name11;x
5191;32;255;255;name11;x
5192;32;125;0;name134;x
5193;32;125;0;name134;x
5194;32;125;0;name134;x
5195;34;125;0;name134;x
5196;34;125;0;name134;x
5197;34;125;0;name134;x
5198;53;125;0;name134;x
5199;53;125;0;name134;x
5200;53;125;0;name134;x
5201;53;125;0;name134;x
5202;64;125;0;name134;x
5203;64;125;0;name134;x
5204;33;125;0;name134;x
5205;33;125;0;name134;x
5206;33;125;0;name134;x
5207;17;255;255;name11;x
5208;31;255;255;name11;x
5209;31;255;255;name11;x
5210;30;255;255;name11;x
5211;17;255;255;name11;x
5212;0;255;255;name11;x
5213;0;255;255;name11;x
5214;36;255;255;name11;x
5215;36;255;255;name11;x
5216;0;255;255;name11;x
5217;31;255;255;name11;x
5218;0;255;255;name11;x
5219;0;255;255;name11;x
5220;0;255;255;name11;x
5221;1;255;255;name11;x
5222;0;255;255;name11;x
5223;0;255;255;name11;x
5224;0;255;255;name11;x
5225;0;255;255;name11;x
5226;0;255;255;name11;x
5227;0;255;255;name11;x
5228;0;255;255;name11;x
5229;31;255;255;name11;x
5230;160;125;0;name127;x
5231;160;125;0;name135;x
5232;160;125;0;name135;x
5233;55;125;0;name135;x
5234;41;125;0;name135;x
5235;40;125;0;name135;x
5236;36;125;0;name132;x
5237;36;125;0;name132;x
5238;44;125;0;name133;x
5239;34;125;0;name133;x
5240;36;125;0;name133;x
5241;46;125;0;name136;x
5242;47;125;0;name136;x
5243;44;125;0;name136;x
5244;34;125;0;name136;x
5245;34;125;0;name136;x
5246;32;255;255;name11;x
5247;32;255;255;name11;x
5248;32;255;255;name11;x
5249;23;255;255;name11;x
5250;23;255;255;name11;x
5251;0;255;255;name11;x
5252;0;255;255;name11;x
5253;0;255;255;name11;x
5254;0;255;255;name11;x
5255;31;255;255;name11;x
5256;31;255;255;name11;x
5257;46;125;0;name137;x
5258;68;125;0;name137;x
5259;58;125;0;name137;x
5260;47;125;0;name137;x
5261;48;125;0;name137;x
5262;55;125;0;name137;x
5263;60;125;0;name137;x
5264;66;125;0;name121;x
5265;168;125;0;name121;x
5266;168;125;0;name130;x
5267;129;125;0;name130;x
5268;199;125;0;name130;x
5269;136;125;0;name130;x
5270;136;125;0;name130;x
5271;136;125;0;name130;x
5272;41;125;0;name129;x
5273;27;255;255;name11;x
5274;32;255;255;name11;x
5275;0;255;255;name11;x
5276;0;255;255;name11;x
5277;0;255;255;name11;x
5278;0;255;255;name11;x
5279;17;255;255;name11;x
5280;0;255;255;name11;x
5281;41;125;0;name134;x
5282;33;125;0;name134;x
5283;32;255;255;name11;x
5284;32;255;255;name11;x
5285;32;255;255;name11;x
5286;32;255;255;name11;x
5287;34;125;0;name134;x
5288;33;125;0;name134;x
5289;34;125;0;name134;x
5290;30;255;255;name11;x
5291;68;125;0;name134;x
5292;68;125;0;name134;x
5293;34;125;0;name134;x
5294;23;255;255;name11;x
5295;1;255;255;name11;x
5296;0;255;255;name11;x
5297;1;255;255;name11;x
5298;31;255;255;name11;x
5299;26;255;255;name11;x
5300;36;125;0;name100;x
5301;31;255;255;name11;x
5302;32;255;255;name11;x
5303;26;255;255;name11;x
5304;34;125;0;name100;x
5305;34;125;0;name100;x
5306;32;125;0;name100;x
5307;32;125;0;name100;x
5308;32;125;0;name100;x
5309;32;125;0;name100;x
5310;1;255;255;name11;x
5311;0;255;255;name11;x
5312;0;255;255;name11;x
5313;27;255;255;name11;x
5314;0;255;255;name11;x
5315;0;255;255;name11;x
5316;1;255;255;name11;x
5317;37;125;0;name135;x
5318;37;125;0;name135;x
5319;83;125;0;name135;x
5320;39;125;0;name135;x
5321;36;125;0;name135;x
5322;36;125;0;name135;x
5323;36;125;0;name135;x
5324;34;125;0;name132;x
5325;34;125;0;name132;x
5326;33;125;0;name132;x
5327;34;125;0;name132;x
5328;34;125;0;name132;x
5329;33;125;0;name136;x
5330;34;125;0;name136;x
5331;33;125;0;name136;x
5332;33;125;0;name136;x
5333;33;125;0;name136;x
5334;34;125;0;name136;x
5335;33;125;0;name136;x
5336;33;125;0;name138;x
5337;32;255;255;name11;x
5338;32;255;255;name11;x
5339;31;255;255;name11;x
5340;31;255;255;name11;x
5341;0;255;255;name11;x
5342;0;255;255;name11;x
5343;0;255;255;name11;x
5344;0;255;255;name11;x
5345;0;255;255;name11;x
5346;0;255;255;name11;x
5347;30;255;255;name11;x
5348;30;255;255;name11;x
5349;44;125;0;name137;x
5350;44;125;0;name137;x
5351;68;125;0;name137;x
5352;66;125;0;name137;x
5353;64;125;0;name137;x
5354;64;125;0;name137;x
5355;71;125;0;name137;x
5356;68;125;0;name121;x
5357;106;125;0;name130;x
5358;140;125;0;name130;x
5359;136;125;0;name130;x
5360;160;125;0;name130;x
5361;109;125;0;name130;x
5362;109;125;0;name130;x
5363;32;255;255;name11;x
5364;31;255;255;name11;x
5365;0;255;255;name11;x
5366;0;255;255;name11;x
5367;23;255;255;name11;x
5368;34;125;0;name134;x
5369;32;255;255;name11;x
5370;32;255;255;name11;x
5371;32;255;255;name11;x
5372;32;255;255;name11;x
5373;32;255;255;name11;x
5374;32;255;255;name11;x
5375;32;255;255;name11;x
5376;28;255;255;name11;x
5377;28;255;255;name11;x
5378;31;255;255;name11;x
5379;31;255;255;name11;x
5380;31;255;255;name11;x
5381;1;255;255;name11;x
5382;0;255;255;name11;x
5383;26;255;255;name11;x
5384;32;255;255;name11;x
5385;32;255;255;name11;x
5386;48;125;0;name100;x
5387;48;125;0;name100;x
5388;80;125;0;name100;x
5389;80;125;0;name100;x
5390;80;125;0;name100;x
5391;73;125;0;name100;x
5392;73;125;0;name100;x
5393;73;125;0;name100;x
5394;109;125;0;name100;x
5395;109;125;0;name139;x
5396;41;125;0;name139;x
5397;41;125;0;name139;x
5398;41;125;0;name139;x
5399;27;255;255;name11;x
5400;30;255;255;name11;x
5401;30;255;255;name11;x
5402;0;255;255;name11;x
5403;17;255;255;name11;x
5404;156;255;255;name11;x
5405;156;125;0;name135;x
5406;88;125;0;name135;x
5407;36;125;0;name135;x
5408;36;125;0;name135;x
5409;36;125;0;name135;x
5410;36;125;0;name135;x
5411;34;125;0;name132;x
5412;34;125;0;name132;x
5413;34;125;0;name132;x
5414;33;125;0;name132;x
5415;35;125;0;name136;x
5416;38;125;0;name136;x
5417;41;125;0;name136;x
5418;41;125;0;name136;x
5419;37;125;0;name136;x
5420;41;125;0;name136;x
5421;37;125;0;name138;x
5422;36;125;0;name138;x
5423;50;125;0;name138;x
5424;50;125;0;name138;x
5425;37;125;0;name138;x
5426;37;125;0;name138;x
5427;32;255;255;name11;x
5428;32;255;255;name11;x
5429;0;255;255;name11;x
5430;34;125;0;name137;x
5431;34;125;0;name137;x
5432;102;125;0;name137;x
5433;85;125;0;name137;x
5434;109;125;0;name137;x
5435;99;125;0;name137;x
5436;112;125;0;name130;x
5437;91;125;0;name130;x
5438;125;125;0;name130;x
5439;122;125;0;name130;x
5440;136;125;0;name130;x
5441;168;125;0;name130;x
5442;55;125;0;name130;x
5443;55;125;0;name130;x
5444;31;255;255;name11;x
5445;0;255;255;name11;x
5446;0;255;255;name11;x
5447;0;255;255;name11;x
5448;0;255;255;name11;x
5449;0;255;255;name11;x
5450;0;255;255;name11;x
5451;0;255;255;name11;x
5452;0;255;255;name11;x
5453;0;255;255;name11;x
5454;27;255;255;name11;x
5455;27;255;255;name11;x
5456;30;255;255;name11;x
5457;32;255;255;name11;x
5458;32;255;255;name11;x
5459;36;125;0;name134;x
5460;32;255;255;name11;x
5461;36;255;255;name11;x
5462;32;255;255;name11;x
5463;28;255;255;name11;x
5464;1;255;255;name11;x
5465;28;255;255;name11;x
5466;0;255;255;name11;x
5467;29;255;255;name11;x
5468;32;255;255;name11;x
5469;32;255;255;name11;x
5470;32;255;255;name11;x
5471;32;255;255;name11;x
5472;32;125;0;name100;x
5473;32;125;0;name100;x
5474;33;125;0;name100;x
5475;33;125;0;name100;x
5476;34;125;0;name100;x
5477;33;125;0;name139;x
5478;33;125;0;name139;x
5479;36;125;0;name139;x
5480;27;255;255;name11;x
5481;29;255;255;name11;x
5482;0;255;255;name11;x
5483;31;255;255;name11;x
5484;31;255;255;name11;x
5485;234;125;0;name135;x
5486;53;125;0;name135;x
5487;41;125;0;name135;x
5488;41;125;0;name135;x
5489;38;125;0;name135;x
5490;36;125;0;name132;x
5491;34;125;0;name132;x
5492;34;125;0;name132;x
5493;36;125;0;name132;x
5494;38;125;0;name132;x
5495;47;125;0;name136;x
5496;44;125;0;name136;x
5497;48;125;0;name136;x
5498;41;125;0;name138;x
5499;44;125;0;name138;x
5500;53;125;0;name138;x
5501;47;125;0;name138;x
5502;56;125;0;name138;x
5503;58;125;0;name138;x
5504;66;125;0;name138;x
5505;23;255;255;name11;x
5506;0;255;255;name11;x
5507;66;255;255;name11;x
5508;0;255;255;name11;x
5509;0;255;255;name11;x
5510;0;255;255;name11;x
5511;31;255;255;name11;x
5512;0;255;255;name11;x
5513;156;125;0;name137;x
5514;156;125;0;name140;x
5515;140;125;0;name140;x
5516;148;125;0;name137;x
5517;122;125;0;name140;x
5518;140;125;0;name140;x
5519;148;125;0;name130;x
5520;136;125;0;name130;x
5521;148;125;0;name130;x
5522;122;125;0;name130;x
5523;106;125;0;name130;x
5524;68;125;0;name130;x
5525;40;125;0;name130;x
5526;0;255;255;name11;x
5527;0;255;255;name11;x
5528;0;255;255;name11;x
5529;0;255;255;name11;x
5530;32;255;255;name11;x
5531;0;255;255;name11;x
5532;0;255;255;name11;x
5533;0;255;255;name11;x
5534;0;255;255;name11;x
5535;0;255;255;name11;x
5536;0;255;255;name11;x
5537;0;255;255;name11;x
5538;0;255;255;name11;x
5539;0;255;255;name11;x
5540;0;255;255;name11;x
5541;27;255;255;name11;x
5542;32;255;255;name11;x
5543;32;255;255;name11;x
5544;32;255;255;name11;x
5545;32;255;255;name11;x
5546;32;255;255;name11;x
5547;32;255;255;name11;x
5548;32;255;255;name11;x
5549;32;255;255;name11;x
5550;32;255;255;name11;x
5551;32;255;255;name11;x
5552;32;255;255;name11;x
5553;32;255;255;name11;x
5554;32;255;255;name11;x
5555;32;255;255;name11;x
5556;0;255;255;name11;x
5557;0;255;255;name11;x
5558;0;255;255;name11;x
5559;0;255;255;name11;x
5560;0;255;255;name11;x
5561;29;255;255;name11;x
5562;0;255;255;name11;x
5563;0;255;255;name11;x
5564;0;255;255;name11;x
5565;96;125;0;name135;x
5566;96;125;0;name135;x
5567;199;125;0;name135;x
5568;199;125;0;name135;x
5569;68;125;0;name135;x
5570;48;125;0;name135;x
5571;42;125;0;name135;x
5572;37;125;0;name135;x
5573;39;125;0;name141;x
5574;41;125;0;name141;x
5575;42;125;0;name141;x
5576;46;125;0;name138;x
5577;46;125;0;name138;x
5578;47;125;0;name138;x
5579;42;125;0;name138;x
5580;41;125;0;name138;x
5581;53;125;0;name138;x
5582;62;125;0;name138;x
5583;62;125;0;name138;x
5584;71;125;0;name138;x
5585;44;125;0;name138;x
5586;44;125;0;name138;x
5587;29;255;255;name11;x
5588;0;255;255;name11;x
5589;0;255;255;name11;x
5590;0;255;255;name11;x
5591;78;125;0;name140;x
5592;78;125;0;name142;x
5593;190;125;0;name140;x
5594;181;125;0;name140;x
5595;156;125;0;name140;x
5596;125;125;0;name140;x
5597;129;125;0;name140;x
5598;140;125;0;name140;x
5599;144;125;0;name130;x
5600;102;125;0;name130;x
5601;115;125;0;name130;x
5602;96;125;0;name130;x
5603;66;125;0;name130;x
5604;44;125;0;name130;x
5605;0;255;255;name11;x
5606;0;255;255;name11;x
5607;0;255;255;name11;x
5608;0;255;255;name11;x
5609;32;255;255;name11;x
5610;0;255;255;name11;x
5611;37;125;0;name143;x
5612;37;125;0;name143;x
5613;37;125;0;name143;x
5614;37;125;0;name143;x
5615;32;255;255;name11;x
5616;31;255;255;name11;x
5617;0;255;255;name11;x
5618;0;255;255;name11;x
5619;23;255;255;name11;x
5620;23;255;255;name11;x
5621;23;255;255;name11;x
5622;0;255;255;name11;x
5623;32;255;255;name11;x
5624;32;255;255;name11;x
5625;32;255;255;name11;x
5626;32;255;255;name11;x
5627;34;125;0;name144;x
5628;34;125;0;name144;x
5629;40;125;0;name144;x
5630;40;125;0;name144;x
5631;35;125;0;name139;x
5632;32;255;255;name11;x
5633;32;255;255;name11;x
5634;32;255;255;name11;x
5635;32;255;255;name11;x
5636;32;125;0;name139;x
5637;32;125;0;name139;x
5638;34;125;0;name139;x
5639;34;125;0;name139;x
5640;0;255;255;name11;x
5641;0;255;255;name11;x
5642;0;255;255;name11;x
5643;0;255;255;name11;x
5644;0;255;255;name11;x
5645;0;255;255;name11;x
5646;0;255;255;name11;x
5647;156;125;0;name145;x
5648;255;125;0;name145;x
5649;255;125;0;name145;x
5650;224;125;0;name135;x
5651;119;125;0;name135;x
5652;38;125;0;name141;x
5653;36;125;0;name141;x
5654;38;125;0;name141;x
5655;51;125;0;name141;x
5656;60;125;0;name138;x
5657;53;125;0;name138;x
5658;53;125;0;name138;x
5659;44;125;0;name138;x
5660;50;125;0;name138;x
5661;73;125;0;name138;x
5662;78;125;0;name138;x
5663;75;125;0;name138;x
5664;64;125;0;name138;x
5665;64;125;0;name138;x
5666;30;255;255;name11;x
5667;0;255;255;name11;x
5668;0;255;255;name11;x
5669;0;255;255;name11;x
5670;0;255;255;name11;x
5671;29;255;255;name11;x
5672;1;255;255;name11;x
5673;109;125;0;name142;x
5674;133;125;0;name140;x
5675;136;125;0;name140;x
5676;136;125;0;name140;x
5677;115;125;0;name140;x
5678;122;125;0;name140;x
5679;125;125;0;name140;x
5680;88;125;0;name140;x
5681;96;125;0;name140;x
5682;56;125;0;name130;x
5683;48;125;0;name130;x
5684;43;125;0;name130;x
5685;43;125;0;name130;x
5686;31;255;255;name11;x
5687;0;255;255;name11;x
5688;32;255;255;name11;x
5689;38;125;0;name143;x
5690;38;125;0;name143;x
5691;71;125;0;name143;x
5692;31;255;255;name11;x
5693;0;255;255;name11;x
5694;0;255;255;name11;x
5695;0;255;255;name11;x
5696;23;255;255;name11;x
5697;32;255;255;name11;x
5698;23;255;255;name11;x
5699;0;255;255;name11;x
5700;32;255;255;name11;x
5701;34;125;0;name144;x
5702;34;125;0;name144;x
5703;34;125;0;name144;x
5704;55;125;0;name144;x
5705;55;125;0;name144;x
5706;44;125;0;name144;x
5707;44;125;0;name144;x
5708;41;125;0;name144;x
5709;42;125;0;name144;x
5710;40;125;0;name139;x
5711;34;125;0;name139;x
5712;34;125;0;name139;x
5713;32;255;255;name11;x
5714;33;125;0;name139;x
5715;33;125;0;name139;x
5716;38;125;0;name139;x
5717;34;125;0;name139;x
5718;0;255;255;name11;x
5719;1;255;255;name11;x
5720;0;255;255;name11;x
5721;0;255;255;name11;x
5722;0;255;255;name11;x
5723;0;255;255;name11;x
5724;43;125;0;name145;x
5725;229;125;0;name145;x
5726;229;125;0;name145;x
5727;255;125;0;name145;x
5728;195;125;0;name145;x
5729;48;125;0;name141;x
5730;48;125;0;name141;x
5731;44;125;0;name141;x
5732;36;125;0;name138;x
5733;40;125;0;name138;x
5734;60;125;0;name138;x
5735;64;125;0;name138;x
5736;88;125;0;name138;x
5737;94;125;0;name138;x
5738;71;125;0;name138;x
5739;83;125;0;name138;x
5740;56;125;0;name138;x
5741;31;255;255;name11;x
5742;31;255;255;name11;x
5743;0;255;255;name11;x
5744;1;255;255;name11;x
5745;75;125;0;name142;x
5746;75;125;0;name142;x
5747;136;125;0;name142;x
5748;156;125;0;name11;x
5749;136;125;0;name140;x
5750;109;125;0;name140;x
5751;106;125;0;name140;x
5752;109;125;0;name140;x
5753;140;125;0;name140;x
5754;140;125;0;name140;x
5755;99;125;0;name140;x
5756;99;125;0;name140;x
5757;34;125;0;name140;x
5758;23;255;255;name11;x
5759;23;255;255;name11;x
5760;0;255;255;name11;x
5761;23;255;255;name11;x
5762;0;255;255;name11;x
5763;28;255;255;name11;x
5764;0;255;255;name11;x
5765;83;125;0;name143;x
5766;83;125;0;name143;x
5767;83;125;0;name143;x
5768;88;125;0;name143;x
5769;0;255;255;name11;x
5770;88;255;255;name11;x
5771;0;255;255;name11;x
5772;0;255;255;name11;x
5773;0;255;255;name11;x
5774;17;255;255;name11;x
5775;28;255;255;name11;x
5776;32;255;255;name11;x
5777;32;255;255;name11;x
5778;32;255;255;name11;x
5779;34;125;0;name144;x
5780;38;125;0;name144;x
5781;42;125;0;name144;x
5782;50;125;0;name144;x
5783;48;125;0;name144;x
5784;43;125;0;name144;x
5785;43;125;0;name139;x
5786;42;125;0;name139;x
5787;39;125;0;name139;x
5788;34;125;0;name139;x
5789;58;125;0;name139;x
5790;55;125;0;name139;x
5791;55;125;0;name139;x
5792;32;255;255;name11;x
5793;31;255;255;name11;x
5794;31;255;255;name11;x
5795;26;255;255;name11;x
5796;0;255;255;name11;x
5797;0;255;255;name11;x
5798;0;255;255;name11;x
5799;0;255;255;name11;x
5800;0;255;255;name11;x
5801;0;255;255;name11;x
5802;30;255;255;name11;x
5803;255;125;0;name145;x
5804;255;125;0;name145;x
5805;255;125;0;name145;x
5806;229;125;0;name145;x
5807;55;125;0;name141;x
5808;42;125;0;name141;x
5809;36;125;0;name138;x
5810;37;125;0;name138;x
5811;60;125;0;name138;x
5812;58;125;0;name138;x
5813;64;125;0;name138;x
5814;99;125;0;name138;x
5815;80;125;0;name138;x
5816;73;125;0;name138;x
5817;43;125;0;name138;x
5818;43;125;0;name138;x
5819;27;255;255;name11;x
5820;0;255;255;name11;x
5821;0;255;255;name11;x
5822;0;255;255;name11;x
5823;0;255;255;name11;x
5824;31;255;255;name11;x
5825;31;255;255;name11;x
5826;27;255;255;name11;x
5827;106;125;0;name142;x
5828;199;125;0;name11;x
5829;164;125;0;name11;x
5830;125;125;0;name140;x
5831;112;125;0;name140;x
5832;122;125;0;name140;x
5833;83;125;0;name140;x
5834;58;125;0;name140;x
5835;36;125;0;name140;x
5836;36;125;0;name140;x
5837;32;255;255;name11;x
5838;0;255;255;name11;x
5839;0;255;255;name11;x
5840;0;255;255;name11;x
5841;36;125;0;name143;x
5842;36;125;0;name143;x
5843;91;125;0;name143;x
5844;91;125;0;name143;x
5845;32;255;255;name11;x
5846;32;255;255;name11;x
5847;0;255;255;name11;x
5848;0;255;255;name11;x
5849;17;255;255;name11;x
5850;34;125;0;name144;x
5851;34;125;0;name144;x
5852;58;125;0;name144;x
5853;58;125;0;name144;x
5854;53;125;0;name144;x
5855;48;125;0;name144;x
5856;46;125;0;name144;x
5857;50;125;0;name144;x
5858;50;125;0;name144;x
5859;62;125;0;name144;x
5860;71;125;0;name144;x
5861;58;125;0;name139;x
5862;42;125;0;name139;x
5863;41;125;0;name139;x
5864;41;125;0;name139;x
5865;42;125;0;name139;x
5866;47;125;0;name139;x
5867;43;125;0;name139;x
5868;43;125;0;name139;x
5869;33;125;0;name139;x
5870;33;125;0;name139;x
5871;32;255;255;name11;x
5872;32;255;255;name11;x
5873;1;255;255;name11;x
5874;0;255;255;name11;x
5875;0;255;255;name11;x
5876;0;255;255;name11;x
5877;30;255;255;name11;x
5878;30;255;255;name11;x
5879;250;125;0;name145;x
5880;255;125;0;name145;x
5881;160;125;0;name145;x
5882;43;125;0;name141;x
5883;36;125;0;name141;x
5884;35;125;0;name138;x
5885;55;125;0;name138;x
5886;47;125;0;name138;x
5887;51;125;0;name138;x
5888;62;125;0;name138;x
5889;80;125;0;name138;x
5890;80;125;0;name138;x
5891;125;125;0;name138;x
5892;125;125;0;name138;x
5893;60;125;0;name138;x
5894;31;255;255;name11;x
5895;0;255;255;name11;x
5896;31;255;255;name11;x
5897;0;255;255;name11;x
5898;0;255;255;name11;x
5899;0;255;255;name11;x
5900;27;255;255;name11;x
5901;85;125;0;name142;x
5902;85;125;0;name142;x
5903;148;125;0;name140;x
5904;125;125;0;name140;x
5905;122;125;0;name140;x
5906;129;125;0;name140;x
5907;125;125;0;name140;x
5908;140;125;0;name140;x
5909;112;125;0;name140;x
5910;32;125;0;name140;x
5911;32;125;0;name140;x
5912;30;255;255;name11;x
5913;32;255;255;name11;x
5914;0;255;255;name11;x
5915;0;255;255;name11;x
5916;0;255;255;name11;x
5917;28;255;255;name11;x
5918;28;255;255;name11;x
5919;39;125;0;name143;x
5920;26;255;255;name11;x
5921;0;255;255;name11;x
5922;0;255;255;name11;x
5923;0;255;255;name11;x
5924;32;255;255;name11;x
5925;40;125;0;name144;x
5926;40;125;0;name134;x
5927;55;125;0;name144;x
5928;68;125;0;name144;x
5929;62;125;0;name144;x
5930;55;125;0;name144;x
5931;55;125;0;name144;x
5932;62;125;0;name144;x
5933;68;125;0;name144;x
5934;64;125;0;name144;x
5935;44;125;0;name139;x
5936;36;125;0;name139;x
5937;34;125;0;name139;x
5938;36;125;0;name139;x
5939;40;125;0;name139;x
5940;48;125;0;name139;x
5941;56;125;0;name139;x
5942;44;125;0;name139;x
5943;34;125;0;name139;x
5944;0;255;255;name11;x
5945;1;255;255;name11;x
5946;32;255;255;name11;x
5947;32;255;255;name11;x
5948;255;125;0;name145;x
5949;255;125;0;name145;x
5950;255;125;0;name145;x
5951;96;125;0;name145;x
5952;39;125;0;name146;x
5953;36;125;0;name146;x
5954;34;125;0;name146;x
5955;41;125;0;name146;x
5956;53;125;0;name147;x
5957;83;125;0;name138;x
5958;83;125;0;name147;x
5959;83;125;0;name147;x
5960;36;125;0;name138;x
5961;31;255;255;name11;x
5962;31;255;255;name11;x
5963;36;255;255;name11;x
5964;0;255;255;name11;x
5965;31;255;255;name11;x
5966;0;255;255;name11;x
5967;0;255;255;name11;x
5968;0;255;255;name11;x
5969;0;255;255;name11;x
5970;0;255;255;name11;x
5971;40;125;0;name140;x
5972;115;125;0;name140;x
5973;99;125;0;name140;x
5974;119;125;0;name140;x
5975;156;125;0;name11;x
5976;160;125;0;name11;x
5977;204;125;0;name11;x
5978;148;125;0;name11;x
5979;148;125;0;name148;x
5980;28;255;255;name11;x
5981;0;255;255;name11;x
5982;0;255;255;name11;x
5983;0;255;255;name11;x
5984;0;255;255;name11;x
5985;0;255;255;name11;x
5986;0;255;255;name11;x
5987;31;255;255;name11;x
5988;31;255;255;name11;x
5989;42;125;0;name134;x
5990;42;125;0;name144;x
5991;55;125;0;name144;x
5992;62;125;0;name144;x
5993;60;125;0;name144;x
5994;55;125;0;name144;x
5995;55;125;0;name144;x
5996;55;125;0;name144;x
5997;56;125;0;name144;x
5998;51;125;0;name139;x
5999;39;125;0;name139;x
6000;33;125;0;name139;x
6001;33;125;0;name139;x
6002;34;125;0;name139;x
6003;37;125;0;name139;x
6004;41;125;0;name139;x
6005;43;125;0;name139;x
6006;46;125;0;name139;x
6007;44;125;0;name139;x
6008;44;125;0;name139;x
6009;44;125;0;name139;x
6010;1;255;255;name11;x
6011;0;255;255;name11;x
6012;0;255;255;name11;x
6013;32;255;255;name11;x
6014;32;255;255;name11;x
6015;255;125;0;name145;x
6016;255;125;0;name145;x
6017;219;125;0;name145;x
6018;47;125;0;name146;x
6019;36;125;0;name146;x
6020;34;125;0;name146;x
6021;34;125;0;name146;x
6022;37;125;0;name147;x
6023;51;125;0;name147;x
6024;85;125;0;name147;x
6025;66;125;0;name147;x
6026;66;125;0;name147;x
6027;30;255;255;name11;x
6028;0;255;255;name11;x
6029;0;255;255;name11;x
6030;0;255;255;name11;x
6031;0;255;255;name11;x
6032;29;255;255;name11;x
6033;0;255;255;name11;x
6034;50;125;0;name140;x
6035;50;125;0;name140;x
6036;106;125;0;name140;x
6037;125;125;0;name140;x
6038;144;125;0;name140;x
6039;181;125;0;name11;x
6040;234;125;0;name11;x
6041;44;125;0;name143;x
6042;44;125;0;name148;x
6043;0;255;255;name11;x
6044;0;255;255;name11;x
6045;0;255;255;name11;x
6046;0;255;255;name11;x
6047;0;255;255;name11;x
6048;0;255;255;name11;x
6049;0;255;255;name11;x
6050;34;125;0;name134;x
6051;34;125;0;name144;x
6052;48;125;0;name144;x
6053;48;125;0;name144;x
6054;48;125;0;name144;x
6055;53;125;0;name144;x
6056;50;125;0;name144;x
6057;47;125;0;name144;x
6058;40;125;0;name144;x
6059;40;125;0;name144;x
6060;40;125;0;name144;x
6061;40;125;0;name144;x
6062;37;125;0;name139;x
6063;37;125;0;name139;x
6064;38;125;0;name139;x
6065;37;125;0;name139;x
6066;34;125;0;name139;x
6067;36;125;0;name139;x
6068;36;125;0;name139;x
6069;36;125;0;name139;x
6070;36;125;0;name139;x
6071;36;125;0;name139;x
6072;50;125;0;name139;x
6073;50;125;0;name139;x
6074;71;125;0;name139;x
6075;0;255;255;name11;x
6076;0;255;255;name11;x
6077;0;255;255;name11;x
6078;0;255;255;name11;x
6079;0;255;255;name11;x
6080;73;125;0;name145;x
6081;73;125;0;name145;x
6082;214;125;0;name145;x
6083;71;125;0;name146;x
6084;53;125;0;name146;x
6085;34;125;0;name146;x
6086;33;125;0;name147;x
6087;34;125;0;name146;x
6088;37;125;0;name147;x
6089;40;125;0;name147;x
6090;39;125;0;name147;x
6091;39;125;0;name147;x
6092;32;255;255;name11;x
6093;0;255;255;name11;x
6094;0;255;255;name11;x
6095;0;255;255;name11;x
6096;0;255;255;name11;x
6097;0;255;255;name11;x
6098;0;255;255;name11;x
6099;0;255;255;name11;x
6100;32;255;255;name11;x
6101;88;125;0;name140;x
6102;88;125;0;name140;x
6103;102;125;0;name140;x
6104;102;125;0;name140;x
6105;94;125;0;name140;x
6106;106;125;0;name148;x
6107;106;125;0;name148;x
6108;33;125;0;name148;x
6109;0;255;255;name11;x
6110;0;255;255;name11;x
6111;0;255;255;name11;x
6112;0;255;255;name11;x
6113;0;255;255;name11;x
6114;0;255;255;name11;x
6115;32;255;255;name11;x
6116;32;255;255;name11;x
6117;46;125;0;name144;x
6118;46;125;0;name144;x
6119;48;125;0;name144;x
6120;48;125;0;name144;x
6121;44;125;0;name144;x
6122;44;125;0;name144;x
6123;36;125;0;name144;x
6124;32;255;255;name11;x
6125;32;255;255;name11;x
6126;32;255;255;name11;x
6127;32;255;255;name11;x
6128;0;255;255;name11;x
6129;32;255;255;name11;x
6130;32;255;255;name11;x
6131;0;255;255;name11;x
6132;32;255;255;name11;x
6133;32;255;255;name11;x
6134;35;125;0;name139;x
6135;37;125;0;name139;x
6136;47;125;0;name139;x
6137;36;125;0;name139;x
6138;34;125;0;name139;x
6139;40;125;0;name139;x
6140;46;125;0;name139;x
6141;56;125;0;name139;x
6142;56;125;0;name139;x
6143;32;255;255;name11;x
6144;32;255;255;name11;x
6145;0;255;255;name11;x
6146;0;255;255;name11;x
6147;0;255;255;name11;x
6148;0;255;255;name11;x
6149;64;125;0;name145;x
6150;64;125;0;name145;x
6151;160;125;0;name145;x
6152;78;125;0;name149;x
6153;73;125;0;name149;x
6154;36;125;0;name147;x
6155;33;125;0;name147;x
6156;33;125;0;name147;x
6157;36;125;0;name147;x
6158;36;125;0;name147;x
6159;34;125;0;name147;x
6160;32;255;255;name11;x
6161;0;255;255;name11;x
6162;0;255;255;name11;x
6163;0;255;255;name11;x
6164;0;255;255;name11;x
6165;17;255;255;name11;x
6166;17;255;255;name11;x
6167;32;255;255;name11;x
6168;31;255;255;name11;x
6169;31;255;255;name11;x
6170;17;255;255;name11;x
6171;0;255;255;name11;x
6172;0;255;255;name11;x
6173;0;255;255;name11;x
6174;0;255;255;name11;x
6175;0;255;255;name11;x
6176;0;255;255;name11;x
6177;0;255;255;name11;x
6178;30;255;255;name11;x
6179;32;255;255;name11;x
6180;32;255;255;name11;x
6181;23;255;255;name11;x
6182;0;255;255;name11;x
6183;0;255;255;name11;x
6184;0;255;255;name11;x
6185;0;255;255;name11;x
6186;0;255;255;name11;x
6187;0;255;255;name11;x
6188;0;255;255;name11;x
6189;31;255;255;name11;x
6190;31;255;255;name11;x
6191;32;125;0;name139;x
6192;32;125;0;name139;x
6193;34;125;0;name139;x
6194;34;125;0;name139;x
6195;34;125;0;name139;x
6196;34;125;0;name139;x
6197;34;125;0;name139;x
6198;36;125;0;name139;x
6199;58;125;0;name139;x
6200;48;125;0;name139;x
6201;0;255;255;name11;x
6202;0;255;255;name11;x
6203;17;255;255;name11;x
6204;1;255;255;name11;x
6205;0;255;255;name11;x
6206;26;255;255;name11;x
6207;94;125;0;name149;x
6208;177;125;0;name145;x
6209;55;125;0;name149;x
6210;41;125;0;name149;x
6211;35;125;0;name149;x
6212;34;125;0;name147;x
6213;32;125;0;name147;x
6214;32;125;0;name147;x
6215;33;125;0;name147;x
6216;32;255;255;name11;x
6217;32;255;255;name11;x
6218;32;255;255;name11;x
6219;23;255;255;name11;x
6220;23;255;255;name11;x
6221;0;255;255;name11;x
6222;0;255;255;name11;x
6223;0;255;255;name11;x
6224;0;255;255;name11;x
6225;0;255;255;name11;x
6226;0;255;255;name11;x
6227;0;255;255;name11;x
6228;0;255;255;name11;x
6229;0;255;255;name11;x
6230;0;255;255;name11;x
6231;0;255;255;name11;x
6232;0;255;255;name11;x
6233;0;255;255;name11;x
6234;1;255;255;name11;x
6235;1;255;255;name11;x
6236;1;255;255;name11;x
6237;29;255;255;name11;x
6238;29;255;255;name11;x
6239;36;125;0;name139;x
6240;36;125;0;name139;x
6241;46;125;0;name139;x
6242;58;125;0;name139;x
6243;58;125;0;name139;x
6244;58;125;0;name139;x
6245;31;255;255;name11;x
6246;31;255;255;name11;x
6247;0;255;255;name11;x
6248;0;255;255;name11;x
6249;0;255;255;name11;x
6250;30;255;255;name11;x
6251;32;255;255;name11;x
6252;0;255;255;name11;x
6253;32;255;255;name11;x
6254;17;255;255;name11;x
6255;0;255;255;name11;x
6256;0;255;255;name11;x
6257;32;255;255;name11;x
6258;32;255;255;name11;x
6259;177;125;0;name145;x
6260;177;125;0;name145;x
6261;99;125;0;name149;x
6262;46;125;0;name149;x
6263;41;125;0;name149;x
6264;40;125;0;name149;x
6265;40;125;0;name147;x
6266;39;125;0;name147;x
6267;34;125;0;name147;x
6268;32;255;255;name11;x
6269;1;255;255;name11;x
6270;32;255;255;name11;x
6271;1;255;255;name11;x
6272;0;255;255;name11;x
6273;0;255;255;name11;x
6274;0;255;255;name11;x
6275;0;255;255;name11;x
6276;0;255;255;name11;x
6277;0;255;255;name11;x
6278;0;255;255;name11;x
6279;0;255;255;name11;x
6280;31;255;255;name11;x
6281;32;255;255;name11;x
6282;32;255;255;name11;x
6283;32;255;255;name11;x
6284;0;255;255;name11;x
6285;0;255;255;name11;x
6286;0;255;255;name11;x
6287;0;255;255;name11;x
6288;28;255;255;name11;x
6289;0;255;255;name11;x
6290;33;125;0;name139;x
6291;33;125;0;name139;x
6292;33;125;0;name139;x
6293;62;125;0;name139;x
6294;62;125;0;name139;x
6295;17;255;255;name11;x
6296;0;255;255;name11;x
6297;0;255;255;name11;x
6298;0;255;255;name11;x
6299;0;255;255;name11;x
6300;33;125;0;name145;x
6301;33;125;0;name145;x
6302;140;125;0;name145;x
6303;73;125;0;name149;x
6304;44;125;0;name149;x
6305;36;125;0;name149;x
6306;36;125;0;name149;x
6307;36;125;0;name149;x
6308;36;125;0;name149;x
6309;32;125;0;name149;x
6310;32;255;255;name11;x
6311;32;255;255;name11;x
6312;32;255;255;name11;x
6313;32;255;255;name11;x
6314;28;255;255;name11;x
6315;0;255;255;name11;x
6316;0;255;255;name11;x
6317;0;255;255;name11;x
6318;0;255;255;name11;x
6319;0;255;255;name11;x
6320;55;125;0;name139;x
6321;55;125;0;name139;x
6322;36;125;0;name139;x
6323;0;255;255;name11;x
6324;1;255;255;name11;x
6325;0;255;255;name11;x
6326;0;255;255;name11;x
6327;0;255;255;name11;x
6328;0;255;255;name11;x
6329;0;255;255;name11;x
6330;109;255;255;name11;x
6331;55;125;0;name139;x
6332;55;125;0;name139;x
6333;55;125;0;name139;x
6334;39;125;0;name139;x
6335;23;255;255;name11;x
6336;23;255;255;name11;x
6337;0;255;255;name11;x
6338;0;255;255;name11;x
6339;0;255;255;name11;x
6340;0;255;255;name11;x
6341;44;125;0;name145;x
6342;115;125;0;name145;x
6343;136;125;0;name149;x
6344;75;125;0;name149;x
6345;75;125;0;name149;x
6346;33;125;0;name149;x
6347;32;255;255;name11;x
6348;32;255;255;name11;x
6349;29;255;255;name11;x
6350;0;255;255;name11;x
6351;0;255;255;name11;x
6352;0;255;255;name11;x
6353;0;255;255;name11;x
6354;0;255;255;name11;x
6355;1;255;255;name11;x
6356;0;255;255;name11;x
6357;0;255;255;name11;x
6358;23;255;255;name11;x
6359;41;255;255;name11;x
6360;109;125;0;name150;x
6361;109;125;0;name150;x
6362;42;125;0;name150;x
6363;29;255;255;name11;x
6364;1;255;255;name11;x
6365;1;255;255;name11;x
6366;1;255;255;name11;x
6367;0;255;255;name11;x
6368;0;255;255;name11;x
6369;27;255;255;name11;x
6370;31;255;255;name11;x
6371;43;125;0;name149;x
6372;43;125;0;name149;x
6373;109;125;0;name149;x
6374;68;125;0;name149;x
6375;46;125;0;name149;x
6376;46;125;0;name149;x
6377;32;255;255;name11;x
6378;32;255;255;name11;x
6379;32;255;255;name11;x
6380;31;255;255;name11;x
6381;0;255;255;name11;x
6382;0;255;255;name11;x
6383;0;255;255;name11;x
6384;0;255;255;name11;x
6385;0;255;255;name11;x
6386;1;255;255;name11;x
6387;32;255;255;name11;x
6388;41;125;0;name150;x
6389;39;125;0;name150;x
6390;1;255;255;name11;x
6391;0;255;255;name11;x
6392;0;255;255;name11;x
6393;0;255;255;name11;x
6394;31;255;255;name11;x
6395;73;125;0;name151;x
6396;73;125;0;name149;x
6397;83;125;0;name149;x
6398;53;125;0;name149;x
6399;53;125;0;name149;x
6400;53;125;0;name149;x
6401;32;255;255;name11;x
6402;32;255;255;name11;x
6403;32;255;255;name11;x
6404;32;255;255;name11;x
6405;0;255;255;name11;x
6406;0;255;255;name11;x
6407;0;255;255;name11;x
6408;0;255;255;name11;x
6409;32;255;255;name11;x
6410;80;125;0;name149;x
6411;80;125;0;name152;x
6412;94;125;0;name149;x
6413;58;125;0;name149;x
6414;58;125;0;name149;x
6415;34;125;0;name149;x
6416;32;255;255;name11;x
6417;31;255;255;name11;x
6418;26;255;255;name11;x
6419;0;255;255;name11;x
6420;29;255;255;name11;x
6421;32;255;255;name11;x
6422;31;255;255;name11;x
6423;80;125;0;name145;x
6424;56;125;0;name149;x
6425;35;125;0;name149;x
6426;32;255;255;name11;x
6427;32;255;255;name11;x
6428;32;255;255;name11;x
6429;32;255;255;name11;x
6430;31;255;255;name11;x
6431;31;255;255;name11;x
6432;31;255;255;name11;x
6433;31;255;255;name11;x
6434;30;255;255;name11;x
6435;0;255;255;name11;x
6436;31;255;255;name11;x
6437;37;125;0;name152;x
6438;37;125;0;name152;x
6439;42;125;0;name149;x
6440;33;125;0;name149;x
6441;33;125;0;name149;x
6442;32;255;255;name11;x
6443;32;255;255;name11;x
6444;31;255;255;name11;x
6445;23;255;255;name11;x
6446;33;125;0;name153;x
6447;32;255;255;name11;x
6448;0;255;255;name11;x
6449;32;255;255;name11;x
6450;32;255;255;name11;x
6451;42;125;0;name152;x
6452;42;125;0;name152;x
6453;38;125;0;name152;x
6454;38;125;0;name152;x
6455;32;255;255;name11;x
6456;32;255;255;name11;x
6457;32;255;255;name11;x
6458;23;255;255;name11;x
6459;30;255;255;name11;x
6460;30;255;255;name11;x
6461;28;255;255;name11;x
6462;0;255;255;name11;x
6463;0;255;255;name11;x
6464;0;255;255;name11;x
6465;0;255;255;name11;x
6466;28;255;255;name11;x
6467;38;125;0;name152;x
6468;32;255;255;name11;x
6469;0;255;255;name11;x
6470;0;255;255;name11;x
6471;0;255;255;name11;x
6472;0;255;255;name11;x
6473;0;255;255;name11;x
6474;0;255;255;name11;x
6475;0;255;255;name11;x
6476;0;255;255;name11;x
